p1, p2, p3, p4, p5, p6, p7, p8, p9, p10, p11, p12, p13, p14, device
-656,64,96,96,80,32,16,672,-48,-96,-96,-80,-48,0,loader
-544,0,80,96,96,80,64,64,304,-96,-112,-112,-96,-48,loader
-944,80,96,96,64,64,48,448,32,-96,-96,-80,-80,-48,loader
-928,80,112,96,80,64,32,432,-80,-96,-112,-80,-48,-112,loader
-1136,112,112,112,96,64,32,1088,-96,-96,-96,-96,-64,-16,loader
-1040,96,96,96,64,80,32,1088,-96,-96,-112,-112,-80,-48,loader
-784,64,96,96,96,80,64,960,-80,-96,-96,-112,-64,-64,loader
-592,64,96,96,96,64,0,928,-48,-112,-112,-96,-64,0,loader
-880,64,96,112,80,1008,-80,-96,-96,-96,-48,-16,-464,80,loader
-928,80,96,96,112,80,32,1056,-96,-96,-96,-112,-80,-64,loader
-1056,80,96,96,112,80,48,640,0,-96,-112,-96,-80,-80,loader
-1024,80,96,96,96,64,16,944,-80,-96,-112,-80,-64,-16,loader
-400,80,96,96,96,48,96,272,-96,-112,-96,-96,0,-976,loader
-928,80,96,112,80,64,16,400,-80,-112,-112,-96,-80,-80,loader
-448,-32,80,96,112,80,64,720,-48,-96,-96,-112,-96,-64,loader
-752,64,96,96,96,48,0,592,-80,-96,-112,-80,-48,-16,loader
-1024,96,96,112,80,64,16,976,-80,-96,-112,-96,-80,0,loader
-880,64,96,96,80,64,32,1120,-112,-96,-112,-96,-64,-16,loader
-752,-320,80,96,112,96,64,240,176,-96,-96,-112,-96,-64,loader
-1040,96,96,112,96,64,64,816,-48,-96,-112,-128,-48,-64,loader
-1056,96,96,96,80,64,16,1024,-96,-96,-96,-96,-64,-16,loader
-848,80,96,96,64,48,16,720,-64,-96,-112,-64,-64,-208,loader
-768,48,80,96,112,80,48,208,176,-96,-112,-112,-80,-48,loader
-976,80,80,96,96,80,32,1072,-96,-96,-112,-112,-64,-32,loader
-816,64,80,96,112,80,48,224,112,-96,-96,-112,-96,-48,loader
-944,80,96,96,80,80,48,1056,-96,-96,-112,-96,-64,-16,loader
-1056,96,96,112,80,80,32,1056,-96,-96,-96,-80,-80,-64,loader
-848,64,112,96,80,64,112,288,-96,-96,-128,-96,-48,-224,loader
-768,64,96,96,112,96,48,176,160,-80,-96,-96,-80,-80,loader
-672,96,96,112,96,80,288,96,-96,-96,-112,-80,-64,-512,loader
-992,96,96,96,96,80,32,1040,-96,-96,-112,-64,-80,-32,loader
-1056,112,96,112,80,80,32,1040,-96,-80,-96,-80,-80,-48,loader
-560,80,96,96,80,64,16,848,-64,-112,-96,-80,-64,-112,loader
-976,80,96,112,112,64,16,944,-80,-96,-96,-96,-64,-32,loader
-448,96,96,112,80,80,80,288,-80,-96,-96,-96,-64,-256,loader
-672,80,96,112,80,64,256,80,-96,-96,-96,-80,-64,-640,loader
-640,16,96,112,112,80,64,48,304,-80,-96,-112,-96,-48,loader
-1024,96,96,112,80,80,16,544,-64,-96,-112,-80,-80,0,loader
-528,80,112,112,96,64,64,416,-80,-96,-112,-80,-64,-160,loader
-1008,80,96,112,96,48,16,928,-64,-112,-112,-112,-80,-16,loader
-960,80,96,96,64,64,48,1008,-96,-96,-96,-96,-96,-48,loader
-736,48,96,96,112,80,48,144,176,-96,-96,-96,-112,-48,loader
-896,96,96,96,96,64,16,544,-80,-112,-112,-80,-48,-16,loader
-320,-64,80,80,96,80,32,640,-32,-96,-96,-80,-96,-48,loader
-496,80,96,96,80,64,32,384,-96,-112,-112,-80,-64,-128,loader
-1040,96,96,112,80,80,16,1008,-96,-112,-112,-64,-48,-16,loader
-816,80,96,112,80,48,128,256,-96,-112,-112,-96,-64,-192,loader
-624,64,96,96,80,48,16,480,-80,-112,-112,-112,-64,-16,loader
-560,16,96,96,128,80,48,848,-64,-96,-96,-80,-48,-48,loader
-528,16,80,96,112,96,64,1072,-96,-112,-112,-80,-64,-32,loader
-1008,80,96,96,80,64,16,928,-80,-112,-112,-96,-64,-16,loader
-1072,96,96,96,80,48,16,720,-64,-112,-96,-64,-80,-16,loader
-944,64,96,96,80,48,0,832,-64,-96,-96,-64,-32,-848,loader
-800,48,96,112,80,80,48,1008,-80,-96,-96,-128,-96,-48,loader
-1072,80,96,112,80,64,16,832,-64,-96,-96,-80,-96,-16,loader
-1072,112,96,112,80,64,16,688,-64,-112,-112,-112,-64,0,loader
-1040,96,96,96,128,64,48,1088,-96,-96,-96,-128,-96,-48,loader
-1040,64,96,112,96,64,16,1008,-64,-112,-112,-80,-32,-48,loader
-592,-64,96,96,112,80,64,640,-32,-80,-96,-80,-96,-64,loader
-1072,112,96,112,80,80,32,1072,-96,-96,-96,-96,-32,-16,loader
-480,80,96,112,96,64,32,352,-80,-96,-112,-80,-64,-144,loader
-1088,96,96,112,80,64,32,1008,-96,-96,-112,-80,-64,-32,loader
-944,80,96,112,96,64,464,0,-80,-96,-112,-64,-48,-816,loader
-720,48,96,112,128,96,64,816,-80,-80,-96,-64,-64,-32,loader
-1008,80,96,112,96,64,16,912,-64,-96,-112,-80,-48,-32,loader
-544,-448,80,112,112,96,48,48,288,-96,-96,-96,-48,-32,loader
-720,64,112,96,80,64,16,608,-64,-96,-112,-96,-64,-16,loader
-848,64,96,96,80,80,48,992,-80,-96,-96,-96,-96,-16,loader
-336,-96,96,96,96,64,32,1040,-96,-96,-112,-96,-32,-304,loader
-912,64,96,96,96,48,48,368,-96,-112,-112,-64,-80,-96,loader
-816,64,96,96,80,48,0,688,-80,-96,-96,-64,-64,-32,loader
-1008,96,96,96,80,96,48,640,-48,-96,-96,-80,-80,-48,loader
-848,64,96,96,80,48,0,720,-64,-112,-112,-80,-48,-16,loader
-656,64,96,96,80,64,0,544,-96,-112,-112,-80,-80,-480,loader
-1056,80,80,96,96,80,48,688,-48,-96,-112,-128,-64,-48,loader
-544,80,112,112,80,48,48,416,-80,-96,-112,-96,-80,-112,loader
-688,80,96,112,80,48,368,64,-96,-96,-112,-112,-48,-464,loader
-752,96,96,96,80,64,32,1008,-96,-96,-112,-80,-64,-16,loader
-1056,96,112,112,96,64,16,576,-80,-96,-112,-96,-64,-16,loader
-320,-96,96,96,112,80,64,528,-32,-80,-96,-96,-80,-80,loader
-1504,128,128,144,112,112,64,1360,-112,-96,-128,-128,-80,-32,loader
-864,64,96,96,80,64,16,1120,-112,-96,-112,-96,-64,-16,loader
-752,-336,96,96,112,80,48,176,176,-96,-96,-112,-80,-48,loader
-672,80,112,112,96,80,912,32,-96,-112,-112,-96,-64,-1184,loader
-832,64,96,96,96,80,64,1040,-96,-112,-112,-112,-112,-32,loader
-1056,96,96,112,96,64,16,960,-64,-96,-96,-96,-64,-16,loader
-704,64,96,112,96,64,16,768,-64,-96,-112,-80,-48,0,loader
-624,80,96,112,80,64,16,528,-80,-96,-96,-80,-64,-16,loader
-1136,112,112,112,80,48,128,288,-96,-96,-112,-80,-64,-16,loader
-976,80,96,112,96,64,16,1200,-112,-112,-112,-96,-80,-32,loader
-576,80,96,112,96,64,16,480,-80,-112,-96,-64,-64,-144,loader
-896,64,96,96,96,80,16,1136,-64,-112,-112,-96,-80,-272,loader
-976,96,96,96,96,80,48,320,48,-96,-96,-112,-64,-16,loader
-1008,80,96,96,96,64,48,1040,-96,-96,-96,-80,-80,-64,loader
-1056,80,96,112,80,64,16,480,-80,-96,-112,-80,-80,0,loader
-784,64,96,96,96,64,16,640,-80,-112,-112,-80,-64,-16,loader
-960,64,96,112,96,64,48,1088,-96,-96,-96,-96,-48,-32,loader
-704,80,112,112,96,64,256,64,-96,-96,-96,-112,-80,-560,loader
-1088,96,96,112,112,80,32,1072,-96,-96,-112,-80,-32,0,loader
-1008,80,96,112,96,64,16,944,-64,-112,-112,-80,-48,-32,loader
-400,-48,112,112,96,96,32,1088,-112,-96,-96,-80,-112,-16,loader
-1008,80,96,112,96,64,16,912,-64,-96,-96,-80,-64,-16,loader
-1056,96,96,112,112,96,80,624,-48,-96,-96,-112,-80,-16,loader
-544,96,112,96,96,80,672,-48,-96,-96,-80,-80,-64,-976,loader
-1040,80,112,112,80,64,16,512,-80,-96,-112,-96,-48,-16,loader
-288,-96,96,96,112,80,64,560,-16,-96,-96,-112,-96,-64,loader
-928,64,96,96,80,48,16,832,-64,-96,-96,-80,-64,-16,loader
-1072,96,96,112,112,80,48,1120,-96,-96,-96,-96,-64,-16,loader
-960,96,112,64,16,-32,-96,-96,-96,-80,-96,-816,64,96,loader
-944,80,96,96,112,64,48,1104,64,-96,-96,-112,-112,-64,loader
-640,64,112,112,96,64,0,944,-80,-96,-96,-64,-80,-640,loader
-960,64,80,96,80,64,16,912,-64,-96,-112,-96,-48,-16,loader
-880,64,96,112,112,80,64,176,160,-80,-96,-112,-64,-64,loader
-1040,112,96,96,96,48,16,784,-64,-112,-112,-80,-64,-16,loader
-800,64,96,112,80,48,16,672,-80,-112,-112,-64,-80,-16,loader
-576,80,112,112,80,64,32,432,-80,-112,-112,-80,-64,-144,loader
-928,80,96,96,112,80,48,496,16,-96,-96,-96,-96,-64,loader
-752,64,96,96,80,48,16,640,-80,-112,-112,-96,-48,-16,loader
-672,48,96,96,112,64,48,112,224,-96,-96,-112,-96,-64,loader
-1008,80,96,96,80,64,16,944,-80,-112,-112,-96,-64,-16,loader
-1056,80,96,112,96,64,16,976,-64,-112,-112,-80,-64,-16,loader
-1024,112,96,96,80,64,32,1088,-112,-112,-112,-96,-80,-16,loader
-608,48,80,96,128,80,64,208,240,-96,-112,-128,-112,-112,loader
-1072,96,96,112,80,80,16,1072,-96,-96,-112,-96,-80,-16,loader
-1072,80,96,96,80,64,80,304,-96,-96,-112,-80,-48,-160,loader
-976,80,96,96,80,80,48,1120,-96,-96,-112,-112,-80,-48,loader
-1072,96,96,96,80,64,16,848,-64,-96,-112,-80,-48,-16,loader
-1472,96,128,128,96,112,80,784,-112,-144,-144,-176,-48,-1392,loader
-1024,80,96,96,112,64,32,1088,-112,-96,-112,-96,-96,-48,loader
-1056,112,96,112,80,64,16,1072,-96,-96,-96,-80,-64,-16,loader
-1040,96,96,96,96,80,64,800,-48,-96,-96,-128,-80,-48,loader
-1040,96,96,96,80,64,16,1040,-80,-96,-112,-80,-80,-32,loader
-784,64,96,112,80,48,16,688,-64,-96,-96,-96,-48,-16,loader
-1056,48,96,96,96,80,16,1040,-96,-112,-112,-128,-80,-48,loader
-1040,96,96,96,96,64,16,1072,-96,-96,-112,-80,-64,-16,loader
-768,64,96,112,80,48,16,656,-96,-96,-128,-96,-64,-16,loader
-400,80,96,112,80,48,128,256,-96,-96,-112,-80,-64,-192,loader
-1040,96,96,96,96,64,0,1008,-80,-112,-112,-112,-96,-16,loader
-1104,112,96,96,64,96,272,-80,-96,-96,-96,-48,-256,-112,loader
-960,48,96,96,112,80,64,1088,-80,-96,-96,-112,-112,-48,loader
-800,64,96,96,80,48,16,656,-64,-112,-112,-128,-48,-320,loader
-480,80,96,112,80,64,48,352,-96,-96,-96,-96,-48,-144,loader
-992,96,96,112,96,64,32,1120,-112,-96,-112,-80,-80,-48,loader
-528,80,96,112,96,48,32,416,-80,-96,-112,-80,-64,-128,loader
-720,32,96,96,112,80,64,1008,-80,-96,-96,-80,-64,-48,loader
-912,80,96,112,96,64,16,928,-64,-96,-96,-96,-64,-16,loader
-1072,112,112,112,112,64,32,1088,-96,-96,-112,-80,-64,-16,loader
-1072,96,96,112,96,64,16,1040,-80,-96,-112,-96,-64,-16,loader
-1120,96,96,112,128,64,32,1168,-112,-96,-112,-80,-80,-32,loader
-1088,96,96,112,112,64,32,1104,-96,-96,-112,-80,-64,-16,loader
-880,80,80,96,112,64,48,1072,-96,-112,-112,-80,-96,-32,loader
-480,80,96,96,96,48,64,320,-80,-96,-128,-64,-16,-1008,loader
-608,32,80,96,80,96,64,880,-80,-96,-96,-96,-64,-48,loader
-1040,96,112,112,112,64,16,1088,-96,-96,-96,-112,-96,-32,loader
-816,-384,96,96,112,96,64,192,240,-96,-96,-112,-80,-64,loader
-672,64,96,96,80,64,16,528,-80,-96,-112,-64,-48,-32,loader
-736,48,96,96,128,64,64,944,-96,-96,-96,-80,-64,-64,loader
-832,64,96,96,80,48,16,768,-64,-96,-112,-96,-64,-16,loader
-1040,112,96,112,112,64,32,1056,-96,-96,-96,-80,-48,-16,loader
-976,80,96,96,96,64,512,16,-96,-96,-96,-96,-48,-720,loader
-944,64,96,96,80,64,16,848,-64,-96,-96,-48,-80,-16,loader
-832,64,96,96,112,80,48,992,-80,-96,-96,-112,-80,-48,loader
-1056,96,96,96,80,80,16,672,-96,-112,-64,-48,-32,-560,loader
-496,80,112,96,80,64,64,352,-96,-112,-112,-80,-64,-96,loader
-1024,96,96,112,80,64,64,864,-64,-96,-96,-80,-96,-64,loader
-592,32,96,96,96,80,48,816,-80,-96,-96,-96,-96,-96,loader
-976,64,96,96,96,64,16,-32,-96,-112,-112,-80,-48,-64,loader
-464,80,96,96,64,48,48,384,-96,-96,-112,-96,-64,-112,loader
-864,64,96,96,80,64,16,736,-80,-112,-96,-64,-96,-16,loader
-608,64,96,96,96,48,16,448,-80,-96,-112,-96,-48,-16,loader
-544,64,96,112,80,64,16,432,-80,-96,-80,-96,-48,-736,loader
-1056,96,96,112,80,64,32,1040,-80,-96,-112,-80,-64,-16,loader
-800,80,96,112,64,48,176,640,-80,-96,-112,-64,-64,0,loader
-1024,80,96,96,128,80,48,1072,-96,-96,-96,-128,-64,-48,loader
-1040,96,96,112,96,80,0,512,-80,-96,-96,-80,-64,-32,loader
-960,64,96,112,80,80,16,800,-64,-96,-96,-80,-48,-16,loader
-560,80,96,96,80,48,16,448,-80,-96,-112,-80,-48,-48,loader
-1088,32,96,96,80,80,64,816,-64,-96,-96,-96,-64,-16,loader
-1088,96,96,96,96,64,16,1024,-96,-96,-112,-96,-64,-352,loader
-1040,96,96,112,96,64,16,1024,-80,-96,-96,-80,-64,-48,loader
-1024,96,96,96,96,80,48,1024,-64,-96,-112,-96,-48,-16,loader
-432,96,96,112,96,64,64,320,-80,-96,-112,-96,-64,-192,loader
-416,80,96,96,96,64,112,256,-96,-96,-112,-64,-64,-192,loader
-1056,96,96,112,80,64,16,1008,-96,-96,-96,-96,-64,-16,loader
-848,64,96,96,112,96,64,144,128,-80,-96,-112,-80,-64,loader
-272,-80,96,96,112,80,48,496,16,-96,-96,-128,-80,-64,loader
-1056,64,96,112,80,64,32,1104,-96,-96,-112,-96,-64,-16,loader
-1088,64,96,96,96,64,128,224,-96,-96,-96,-80,-64,0,loader
-848,80,112,112,80,64,64,-64,-96,-96,-112,-64,-64,-224,loader
-1024,96,96,112,96,64,16,944,-80,-96,-96,-80,-48,-16,loader
-784,64,96,96,80,64,16,640,-64,-96,-112,-96,-64,-16,loader
-864,64,96,96,80,48,0,720,-64,-112,-112,-80,-64,-16,loader
-736,32,96,96,128,64,32,976,-80,-96,-96,-112,-96,-64,loader
-1088,96,96,112,128,80,48,912,-80,-96,-112,-96,-80,-64,loader
-480,80,96,112,96,64,640,-96,-96,-112,-96,-64,-32,-1040,loader
-1072,96,96,112,96,64,16,1104,-96,-96,-112,-112,-80,-16,loader
-1024,96,96,112,96,80,32,1104,-112,-96,-96,-80,-96,-48,loader
-688,64,96,112,96,48,16,592,-80,-96,-112,-112,-64,-448,loader
-1072,96,96,96,80,1040,-64,-96,-96,-80,-48,-16,-480,80,loader
-448,80,112,112,64,64,1056,-96,-96,-96,-80,-64,-16,-976,loader
-656,64,96,96,80,64,0,960,-80,-96,-112,-80,-64,-48,loader
-592,64,96,112,80,64,400,32,-96,-96,-112,-96,-96,-64,loader
-1120,96,96,112,96,80,32,1056,-96,-96,-96,-80,-64,-16,loader
-1040,96,96,112,96,64,16,960,-80,-96,-112,-96,-48,-16,loader
-1200,112,112,112,96,64,112,432,-96,-112,-112,-96,-48,0,loader
-976,80,96,96,112,80,32,1120,-96,-96,-96,-128,-64,-64,loader
-1056,112,96,112,112,64,16,1104,-96,-96,-112,-80,-80,-64,loader
-848,64,112,112,80,64,16,720,-64,-112,-96,-80,-64,0,loader
-1056,96,96,112,96,64,32,1056,-96,-96,-112,-80,-64,-16,loader
-752,64,96,96,112,80,16,1024,-96,-96,-112,-96,-64,-48,loader
-1072,96,96,112,112,64,240,176,-96,-112,-112,-80,-64,-448,loader
-864,64,96,112,96,64,16,768,-64,-96,-112,-96,-64,-16,loader
-1104,112,96,112,96,64,16,1088,-96,-96,-112,-96,-64,-16,loader
-1072,96,96,112,96,80,16,1072,-96,-96,-112,-96,-48,0,loader
-960,80,96,96,64,64,48,1120,-96,-96,-112,-128,-80,-32,loader
-752,96,144,144,112,80,48,688,-48,-80,-96,-64,-48,-560,loader
-960,64,96,112,96,64,0,848,-64,-96,-112,-96,-64,-32,loader
-1040,96,96,96,80,48,16,624,-96,-96,-112,-96,-64,-16,loader
-1072,96,96,96,112,64,48,832,-64,-96,-96,-80,-96,-48,loader
-1120,96,96,112,112,64,32,1136,-96,-96,-112,-64,-80,-32,loader
-1312,-96,112,112,112,80,80,1056,-16,-96,-96,-112,-96,-64,loader
-832,-32,96,96,128,80,64,896,-64,-96,-96,-112,-96,-64,loader
-1152,0,112,112,96,96,64,1072,-64,-96,-96,-128,-96,-80,loader
-832,64,96,96,64,80,48,960,-80,-96,-96,-112,-64,-48,loader
-1040,64,112,96,96,64,16,1024,-80,-96,-112,-96,-80,-16,loader
-976,96,128,128,128,80,48,1248,-112,-96,-112,-80,-48,-576,loader
-1040,64,96,112,96,64,16,720,-80,-112,-112,-96,-80,-16,loader
-1424,96,112,128,112,96,64,1248,128,-112,-112,-144,-96,-64,loader
-1120,64,96,112,112,80,64,832,240,-112,-112,-128,-96,-64,loader
-1120,96,112,112,96,80,656,80,-96,-96,-128,-80,-80,-688,loader
-1056,48,112,112,144,80,80,976,-64,-96,-96,-64,-64,-48,loader
-928,64,96,96,128,64,64,1120,-96,-112,-112,-80,-80,-48,loader
-1488,-672,96,128,144,112,64,1632,576,-128,-144,-144,-96,-96,loader
-1008,80,96,96,112,80,16,976,-64,-96,-96,-80,-48,-16,loader
-1040,96,96,112,96,48,0,704,-64,-112,-112,-80,-48,-16,loader
-608,64,96,112,80,48,32,464,-96,-112,-112,-64,-80,-64,loader
-1088,112,96,112,96,64,16,1104,-96,-96,-112,-80,-64,0,loader
-1088,112,96,96,96,64,16,1088,-96,-96,-112,-112,-48,-16,loader
-1296,112,112,112,112,64,208,720,-96,-112,-128,-96,-64,-304,loader
-720,80,96,112,80,48,16,576,-80,-112,-112,-80,-48,-16,loader
-736,64,96,96,96,80,48,944,144,-96,-96,-112,-64,-64,loader
-1040,96,96,96,96,48,16,672,-80,-112,-112,-80,-64,-16,loader
-1008,80,96,112,80,64,16,928,-80,-96,-112,-48,-64,-16,loader
-576,80,96,112,80,48,512,-32,-96,-96,-80,-96,-48,-80,loader
-912,64,96,112,80,80,16,1072,-112,-96,-112,-112,-64,-16,loader
-1104,112,96,112,112,64,32,1136,-112,-96,-112,-80,-48,-48,loader
-1136,80,96,112,112,80,48,1104,-96,-112,-112,-80,-64,-32,loader
-992,96,96,96,112,96,64,608,-16,-96,-96,-112,-80,-64,loader
-1200,112,112,112,112,96,32,1200,-112,-112,-128,-96,-80,-32,loader
-1312,96,112,112,112,80,48,1376,-128,-128,-128,-112,-80,-48,loader
-560,80,96,96,80,64,48,832,-80,-96,-96,-64,-64,-880,loader
-1088,96,96,112,128,64,32,1104,-96,-112,-112,-112,-96,-64,loader
-1088,96,96,96,80,48,16,704,-80,-112,-112,-64,-48,-112,loader
-1104,96,96,112,96,80,32,1088,-96,-112,-112,-80,-32,-16,loader
-1104,64,112,96,80,48,16,640,-64,-96,-96,-112,-64,-352,loader
-800,64,80,96,96,80,48,1040,-96,-112,-112,-80,-80,-48,loader
-1056,96,96,96,64,80,64,928,-80,-96,-96,-80,-64,-48,loader
-1056,96,96,96,96,48,16,816,-64,-96,-96,-80,-64,-16,loader
-976,80,96,96,96,80,16,464,-80,-112,-112,-64,-80,-784,loader
-368,-64,96,96,112,96,64,32,368,-80,-96,-112,-80,-64,loader
-512,80,112,112,96,64,96,336,-80,-96,-112,-96,-48,-208,loader
-992,80,96,112,96,64,16,896,-64,-112,-112,-80,-64,-80,loader
-1072,96,96,96,128,80,48,928,-80,-96,-112,-96,-80,-48,loader
-672,64,80,96,112,96,48,928,-96,-96,-96,-80,-80,-16,loader
-1072,112,96,112,80,80,64,944,-80,-96,-96,-64,-80,-48,loader
-608,-496,-352,-176,96,320,592,576,448,304,112,-96,-416,-592,fan
-592,-480,-352,-176,0,208,496,608,512,384,208,-16,-224,-512,fan
-608,-512,-368,-176,32,256,512,592,512,352,160,-64,-288,-544,fan
-608,-528,-400,-224,-16,160,480,608,512,400,272,64,-112,-400,fan
-624,-544,-416,-256,-48,160,432,608,528,416,144,-80,-320,-560,fan
-608,-496,-352,-160,48,288,528,592,480,352,160,-64,-288,-512,fan
-608,-528,-400,-240,-16,176,448,592,496,384,224,0,-224,-512,fan
-624,-496,-352,-176,48,272,528,608,480,336,160,-64,-336,-512,fan
-624,-480,-336,-160,64,304,512,592,496,288,80,-112,-400,-592,fan
-592,-480,-336,-176,64,288,528,592,480,336,144,-80,-304,-560,fan
-576,-464,-336,-144,80,384,608,544,432,272,64,-96,-352,-576,fan
-624,-528,-416,-240,-32,160,448,624,512,400,240,16,-192,-480,fan
-592,-576,-464,-304,-112,96,368,576,560,448,288,96,-112,-368,fan
-608,-560,-448,-288,-96,112,368,576,560,400,240,32,-192,-480,fan
-608,-496,-400,-224,-16,192,528,576,448,304,112,-96,-384,-576,fan
-608,-496,-368,-192,80,320,560,576,464,320,128,-96,-368,-592,fan
-624,-496,-384,-208,16,224,512,608,496,368,192,-16,-224,-496,fan
-592,-496,-352,-160,0,208,544,592,496,336,208,-16,-224,-576,fan
-608,-544,-416,-256,-48,144,416,608,512,416,240,32,-176,-464,fan
-608,-544,-432,-288,-80,128,400,608,528,384,208,0,-208,-512,fan
-624,-544,-416,-256,-48,160,448,608,528,368,144,-96,-336,-576,fan
-608,-560,-448,-288,-144,80,320,544,576,480,320,144,-80,-336,fan
-624,-512,-368,-176,48,288,528,608,496,352,176,-64,-304,-512,fan
-608,-560,-432,-272,-64,128,432,608,528,416,256,48,-160,-448,fan
-608,-528,-416,-240,-32,176,528,608,496,368,176,-48,-272,-496,fan
-624,-480,-352,-160,64,288,544,608,480,320,192,-32,-272,-512,fan
-592,-480,-352,-176,48,288,528,592,480,336,144,-64,-288,-528,fan
-592,-480,-336,-208,16,224,496,592,496,368,176,-32,-272,-528,fan
-608,-496,-352,-176,48,272,528,608,480,352,160,-64,-304,-560,fan
-624,-528,-416,-240,-16,192,464,608,512,400,224,0,-208,-496,fan
-608,-496,-368,-192,32,192,464,592,512,320,112,-96,-368,-592,fan
-608,-480,-352,-160,64,288,512,608,496,336,144,-64,-304,-576,fan
-624,-528,-384,-208,0,288,496,624,496,384,208,-16,-224,-512,fan
-608,-528,-400,-176,48,256,512,576,464,304,112,-96,-400,-560,fan
-608,-496,-336,-144,16,208,496,608,512,368,192,-32,-272,-528,fan
-624,-528,-432,-288,-80,128,400,624,512,400,224,0,-208,-544,fan
-608,-528,-416,-256,-32,160,448,608,544,416,240,16,-176,-448,fan
-608,-560,-464,-336,-144,80,288,512,592,464,320,144,-80,-320,fan
-624,-480,-336,-160,64,288,528,592,480,336,144,-80,-336,-576,fan
-608,-496,-368,-176,48,256,544,592,480,352,144,-64,-256,-576,fan
-592,-496,-352,-224,0,192,432,576,464,304,112,-96,-304,-544,fan
-592,-592,-480,-320,-144,80,304,544,576,464,320,128,-80,-336,fan
-608,-544,-432,-272,-48,160,416,608,528,416,256,32,-192,-480,fan
-592,-480,-336,-144,64,304,544,592,480,336,144,-80,-352,-576,fan
-624,-528,-416,-240,-32,160,432,608,544,400,240,16,-208,-480,fan
-640,-528,-400,-240,-16,128,400,624,512,400,176,0,-208,-496,fan
-624,-496,-368,-192,80,368,544,576,464,320,128,-96,-304,-576,fan
-624,-512,-368,-192,32,224,512,608,496,368,176,-48,-256,-560,fan
-608,-496,-384,-192,32,240,496,592,496,368,192,-32,-272,-544,fan
-624,-512,-384,-192,16,224,512,592,496,368,128,-80,-304,-576,fan
-608,-464,-336,-160,64,288,544,592,480,336,144,-80,-320,-560,fan
-608,-544,-432,-256,-48,144,496,608,512,384,192,-32,-240,-496,fan
-608,-544,-432,-304,-112,96,352,592,576,448,304,112,-112,-352,fan
-592,-480,-320,-144,80,320,528,576,464,320,128,-96,-368,-576,fan
-608,-544,-400,-224,-16,192,480,608,512,384,208,0,-304,-544,fan
-608,-560,-448,-288,-64,128,416,592,560,400,160,-48,-224,-512,fan
-608,-480,-352,-160,48,272,528,592,480,336,144,-64,-288,-560,fan
-624,-528,-432,-272,0,208,464,608,496,384,208,0,-224,-496,fan
-608,-576,-464,-320,-112,128,432,624,544,416,256,48,-160,-448,fan
-608,-560,-432,-256,-64,144,432,624,544,416,240,32,-160,-448,fan
-608,-496,-384,-208,16,224,480,624,512,368,192,-32,-240,-528,fan
-608,-528,-400,-208,0,208,480,624,512,384,208,-16,-208,-512,fan
-624,-528,-384,-208,16,224,512,608,496,384,192,-32,-256,-512,fan
-592,-480,-336,-144,80,288,560,576,480,320,128,-96,-320,-592,fan
-608,-480,-368,-176,48,272,496,608,480,304,112,-96,-368,-608,fan
-624,-464,-352,-160,64,304,560,576,480,336,144,-80,-288,-544,fan
-608,-480,-368,-192,48,256,512,608,480,352,160,-64,-304,-560,fan
-624,-544,-416,-208,16,224,496,608,512,368,192,-32,-240,-528,fan
-624,-544,-432,-304,-112,96,352,576,560,464,208,-16,-208,-528,fan
-608,-576,-448,-272,-80,112,384,592,544,448,272,112,-96,-352,fan
-608,-496,-384,-208,0,192,496,608,496,368,240,32,-160,-464,fan
-624,-448,-288,-16,176,464,592,528,400,224,16,-208,-496,-608,fan
-608,-512,-384,-208,16,224,496,592,496,368,192,-32,-240,-496,fan
-608,-480,-352,-160,64,288,544,608,464,336,144,-64,-352,-576,fan
-608,-528,-400,-240,-32,176,448,608,528,400,224,16,-176,-496,fan
-624,-544,-432,-256,-48,160,432,624,528,416,240,32,-192,-464,fan
-608,-496,-368,-176,48,256,544,608,528,384,224,0,-272,-544,fan
-608,-496,-368,-208,16,240,512,592,512,368,176,-112,-416,-608,fan
-608,-496,-368,-176,48,256,464,592,496,384,208,0,-240,-464,fan
-624,-528,-368,-192,16,240,512,608,496,368,176,-48,-272,-528,fan
-624,-544,-400,-224,-16,192,464,608,528,384,208,0,-192,-496,fan
-592,-480,-336,-144,80,320,512,592,432,272,80,-128,-400,-592,fan
-608,-576,-400,-224,-80,128,400,608,560,432,256,48,-144,-432,fan
-624,-496,-368,-112,96,336,544,576,432,256,48,-144,-464,-592,fan
-608,-544,-416,-240,-96,112,384,592,512,416,224,64,-128,-400,fan
-592,-464,-352,-160,64,256,544,592,480,336,144,-80,-288,-528,fan
-560,-560,-448,-336,-144,64,320,528,592,448,272,80,-192,-464,fan
-592,-528,-416,-256,-32,160,448,608,528,400,240,16,-128,-416,fan
-608,-576,-464,-320,-128,80,336,560,592,464,304,112,-96,-384,fan
-624,-544,-432,-272,-64,128,400,608,544,432,256,48,-144,-432,fan
-608,-464,-336,-144,80,352,560,576,464,320,0,-224,-512,-608,fan
-608,-480,-288,-80,112,368,576,560,432,320,128,-96,-336,-576,fan
-608,-528,-384,-208,16,224,512,608,464,336,144,-80,-320,-560,fan
-608,-496,-384,-208,16,208,480,592,528,416,240,-32,-224,-512,fan
-608,-480,-336,-144,80,320,560,576,480,320,128,-80,-336,-560,fan
-624,-528,-400,-224,-16,192,464,608,512,384,224,0,-208,-464,fan
-608,-528,-400,-240,-16,192,480,608,528,400,224,0,-208,-464,fan
-608,-496,-368,-176,48,272,528,608,480,352,160,-64,-288,-528,fan
-624,-512,-384,-208,16,208,480,608,496,416,240,32,-192,-448,fan
-608,-528,-384,-224,-16,208,480,608,512,384,208,0,-240,-512,fan
-592,-464,-336,-144,80,320,592,512,416,240,16,-192,-448,-576,fan
-592,-480,-352,-176,48,272,528,592,464,352,160,-96,-384,-576,fan
-624,-528,-400,-224,-16,192,464,608,512,400,224,0,-192,-480,fan
-608,-480,-352,-176,48,256,512,592,496,352,160,-48,-272,-560,fan
-624,-512,-384,-208,0,224,480,608,512,384,192,-16,-240,-464,fan
-608,-512,-384,-208,16,224,512,608,512,384,192,-32,-256,-512,fan
-608,-544,-416,-256,-48,160,416,576,560,448,288,80,-112,-400,fan
-608,-560,-448,-304,-96,96,368,576,560,448,288,80,-112,-400,fan
-608,-496,-368,-192,32,240,496,592,480,352,176,-48,-256,-496,fan
-576,-576,-464,-320,-128,112,320,560,576,464,304,112,-96,-368,fan
-624,-512,-400,-224,-16,208,464,608,512,384,208,-16,-208,-496,fan
-608,-496,-352,-176,48,272,512,576,528,384,160,-64,-304,-544,fan
-624,-544,-368,-208,16,240,496,608,480,368,192,-32,-256,-496,fan
-576,-576,-464,-320,-112,64,304,528,592,480,336,144,-64,-304,fan
-608,-544,-416,-272,-48,144,400,592,544,416,256,96,-112,-400,fan
-608,-480,-352,-176,48,288,544,608,496,304,96,-96,-352,-592,fan
-608,-496,-352,-176,48,272,528,592,480,352,160,-64,-320,-480,fan
-592,-560,-464,-304,-96,96,352,560,576,448,288,80,-112,-416,fan
-592,-528,-416,-240,-32,112,400,592,560,448,272,64,-128,-400,fan
-608,-512,-416,-240,-32,176,464,624,544,400,224,16,-192,-480,fan
-608,-496,-352,-176,48,272,512,592,480,336,160,-16,-208,-480,fan
-608,-528,-416,-240,32,240,496,608,496,368,176,-32,-256,-528,fan
-624,-496,-352,-160,0,208,480,608,496,384,208,-16,-224,-496,fan
-592,-464,-336,-144,64,288,528,592,464,336,144,-80,-336,-560,fan
-608,-512,-368,-192,16,224,480,608,496,368,192,-32,-256,-512,fan
-608,-496,-368,-176,48,272,512,592,480,352,160,-64,-320,-560,fan
-624,-512,-400,-224,-16,192,496,608,528,384,208,-16,-144,-448,fan
-608,-496,-368,-192,16,240,496,608,496,368,176,-32,-224,-544,fan
-608,-496,-368,-192,32,256,496,608,496,368,176,-48,-256,-528,fan
-608,-528,-368,-192,32,240,512,608,496,368,176,-48,-224,-528,fan
-576,-576,-464,-304,-96,96,352,576,560,448,288,80,-112,-400,fan
-576,-432,-272,-64,144,432,608,528,416,256,48,-160,-464,-624,fan
-624,-512,-384,-208,16,224,496,608,496,368,192,32,-160,-464,fan
-608,-496,-352,-112,96,352,576,576,448,304,112,-112,-368,-560,fan
-608,-528,-416,-240,-16,176,512,592,496,368,176,-48,-256,-544,fan
-608,-480,-352,-160,64,304,544,592,480,336,144,-80,-336,-544,fan
-592,-448,-320,-128,80,320,560,560,464,304,112,-96,-368,-560,fan
-608,-512,-384,-208,16,224,480,592,512,416,208,-16,-240,-560,fan
-608,-528,-416,-240,-32,160,448,608,528,400,224,16,-176,-464,fan
-608,-544,-432,-272,-64,192,448,608,496,384,208,-16,-224,-480,fan
-592,-576,-448,-304,-96,96,352,576,576,448,288,80,-112,-352,fan
-608,-544,-432,-256,-64,144,416,592,544,416,240,32,-160,-448,fan
-592,-496,-384,-208,16,224,496,592,464,320,144,-80,-352,-560,fan
-592,-464,-336,-144,64,304,560,576,464,320,128,-48,-256,-528,fan
-592,-464,-336,-144,80,240,496,592,480,352,192,-48,-256,-496,fan
-608,-528,-400,-240,-16,192,448,624,512,400,208,0,-208,-496,fan
-624,-528,-416,-240,-32,192,464,624,512,400,224,0,-192,-480,fan
-576,-528,-416,-256,-64,144,432,576,496,384,208,-16,-224,-512,fan
-576,-560,-448,-288,-96,112,384,592,560,432,288,80,-112,-416,fan
-608,-512,-384,-208,16,224,496,608,496,368,192,32,-176,-528,fan
-592,-544,-416,-240,-80,112,384,560,528,432,272,64,-128,-384,fan
-608,-496,-400,-240,-16,176,464,608,512,384,112,-96,-336,-576,fan
-608,-496,-336,-144,64,320,560,592,464,320,128,-80,-320,-576,fan
-624,-496,-384,-208,0,224,464,592,496,368,192,-16,-224,-512,fan
-608,-496,-368,-208,16,240,496,592,496,352,176,-32,-256,-528,fan
-608,-512,-400,-240,-16,192,464,592,512,352,176,-48,-288,-528,fan
-608,-528,-400,-224,-16,192,432,608,528,432,256,64,-176,-512,fan
-608,-512,-384,-224,-16,192,464,592,496,384,208,0,-208,-496,fan
-608,-512,-384,-208,16,224,512,592,480,368,192,-32,-208,-544,fan
-576,-576,-448,-304,-96,112,352,576,560,448,336,128,-80,-336,fan
-608,-496,-384,-208,16,240,496,592,496,368,192,-32,-240,-512,fan
-624,-560,-448,-288,-80,112,432,608,512,400,224,16,-176,-480,fan
-592,-464,-336,-144,64,288,544,576,464,320,144,-80,-320,-560,fan
-608,-608,-448,-320,-144,112,368,576,512,400,224,0,-160,-464,fan
-608,-496,-368,-208,16,240,496,608,480,352,192,-80,-304,-592,fan
-592,-528,-416,-240,-32,160,464,608,512,400,224,16,-192,-448,fan
-608,-512,-368,-208,16,224,528,608,496,336,144,-128,-320,-576,fan
-608,-480,-352,-176,48,272,512,576,480,352,160,-64,-336,-560,fan
-592,-576,-464,-320,-112,96,336,576,576,448,304,96,-96,-384,fan
-608,-480,-352,-176,48,256,528,592,480,336,160,-64,-304,-512,fan
-592,-464,-320,-144,80,304,512,592,480,304,128,-96,-320,-544,fan
-576,-560,-336,96,480,576,464,320,128,-80,-336,-560,-576,-448,fan
-608,-464,-320,-144,80,272,528,576,464,272,80,-128,-400,-608,fan
-592,-464,-320,-128,80,304,560,576,464,304,112,-96,-352,-576,fan
-608,-512,-400,-224,0,192,480,592,512,384,208,-16,-224,-496,fan
-592,-560,-448,-288,-96,112,400,560,560,448,320,128,-96,-416,fan
-608,-512,-416,-240,-32,176,416,608,544,400,224,16,-192,-464,fan
-624,-544,-416,-256,-48,144,432,608,528,400,240,32,-160,-448,fan
-624,-512,-368,-208,0,144,416,608,544,416,240,32,-192,-464,fan
-608,-448,-288,-96,80,304,528,576,464,320,128,-96,-336,-608,fan
-608,-512,-384,-208,16,224,480,608,496,368,176,-32,-240,-512,fan
-608,-528,-400,-240,-32,176,464,608,528,400,224,0,-192,-464,fan
-608,-512,-448,-288,-96,112,400,576,560,432,272,64,-128,-432,fan
-608,-496,-320,-128,96,352,544,560,448,304,112,-96,-384,-592,fan
-608,-512,-368,-208,16,224,496,608,512,368,176,-32,-176,-464,fan
-608,-544,-400,-208,0,144,448,592,528,416,256,48,-144,-416,fan
-608,-512,-272,-64,224,480,608,496,368,208,-16,-256,-512,-608,fan
-608,-528,-416,-240,-32,160,432,608,528,400,240,16,-176,-416,fan
-592,-464,-320,-128,96,320,544,576,464,304,96,-96,-368,-592,fan
-576,-576,-448,-304,-112,96,352,544,560,432,304,96,-96,-384,fan
-592,-464,-320,-128,96,320,592,544,432,256,64,-144,-432,-592,fan
-608,-480,-368,-176,48,272,528,624,480,384,224,-16,-192,-496,fan
-608,-512,-400,-224,0,272,512,592,480,352,160,-64,-272,-528,fan
-624,-544,-400,-224,-16,192,432,592,512,400,208,0,-288,-544,fan
-576,-464,-304,-112,96,352,576,576,432,288,96,-112,-368,-576,fan
-608,-512,-384,-208,16,224,480,592,496,368,192,-64,-336,-560,fan
-608,-464,-336,-192,16,240,496,592,480,368,176,-48,-272,-496,fan
-608,-496,-384,-208,-48,144,432,608,496,368,192,-32,-240,-512,fan
-592,-576,-464,-288,-112,144,432,608,528,416,240,32,-160,-464,fan
-608,-496,-352,-224,-16,192,448,608,512,384,208,0,-224,-480,fan
-624,-576,-448,-304,-96,112,384,576,560,448,288,80,-112,-400,fan
-576,-448,-320,-128,80,320,544,544,432,256,64,-144,-432,-608,fan
-608,-528,-400,-224,-16,192,432,592,512,400,224,0,-208,-496,fan
-592,-544,-448,-288,-80,112,400,592,544,432,272,64,-128,-368,fan
-624,-480,-384,-256,-48,160,448,608,528,416,240,16,-176,-448,fan
-608,-528,-400,-240,-16,176,448,608,512,400,224,0,-208,-496,fan
-608,-496,-352,-176,48,256,528,592,480,352,160,-48,-304,-544,fan
-608,-480,-352,-160,48,272,528,592,464,352,160,-64,-304,-560,fan
-608,-528,-384,-208,16,240,512,608,496,368,192,-32,-240,-512,fan
-608,-496,-368,-176,32,256,464,608,512,400,224,0,-208,-464,fan
-608,-464,-320,-128,80,336,560,576,448,320,112,-96,-336,-592,fan
-608,-480,-352,-160,96,368,560,560,448,304,96,-112,-368,-576,fan
-608,-480,-352,-160,64,288,528,560,448,288,96,-112,-368,-592,fan
-608,-496,-368,-192,16,224,448,608,512,400,224,16,-192,-464,fan
-592,-480,-352,-144,64,288,528,560,448,288,96,-112,-400,-560,fan
-608,-512,-368,-192,32,256,512,608,480,352,176,-48,-272,-528,fan
-608,-512,-384,-208,256,560,560,448,336,144,-64,-304,-496,-608,fan
-608,-512,-384,-256,-64,144,432,608,544,416,256,48,-160,-512,fan
-576,-560,-448,-288,-96,80,368,576,560,448,272,80,-80,-272,fan
-592,-480,-320,-128,80,320,544,576,464,304,160,-64,-272,-528,fan
-592,-528,-416,-256,-48,160,448,608,480,368,192,-32,-272,-512,fan
-608,-544,-432,-256,-48,144,416,608,544,448,288,96,-112,-368,fan
-608,-512,-400,-224,-16,192,464,592,544,432,208,0,-208,-496,fan
-608,-496,-352,-192,32,240,512,592,496,368,128,-80,-320,-592,fan
-608,-560,-416,-208,16,224,496,608,480,368,192,-32,-256,-528,fan
-608,-480,-352,-192,48,256,496,608,480,352,160,-48,-224,-496,fan
-576,-464,-336,-144,80,320,528,576,448,320,128,-96,-336,-560,fan
-608,-544,-416,-256,-48,160,448,608,528,416,192,-32,-240,-512,fan
-608,-496,-368,-192,32,240,496,592,496,368,176,-48,-272,-544,fan
-592,-480,-336,-144,64,304,544,592,464,320,128,-80,-320,-544,fan
-608,-512,-384,-256,-48,160,416,592,512,416,240,32,-176,-496,fan
-608,-496,-400,-240,-80,112,544,576,464,320,128,-96,-320,-592,fan
-608,-528,-416,-256,-48,160,432,608,528,416,240,32,-112,-384,fan
-592,-480,-352,-160,48,256,528,592,480,384,208,-16,-224,-496,fan
-608,-496,-368,-192,32,256,496,592,496,368,176,-48,-272,-544,fan
-608,-480,-352,-160,64,288,544,576,464,336,144,-80,-288,-560,fan
-608,-576,-464,-320,-128,96,336,576,576,448,256,48,-144,-480,fan
-592,-448,-288,-96,112,368,576,544,448,272,80,-128,-416,-592,fan
-608,-480,-352,-160,96,288,528,592,464,336,144,-64,-320,-560,fan
-608,-528,-416,-240,-32,176,432,592,512,400,224,0,-192,-480,fan
-624,-496,-384,-208,0,224,512,608,464,336,144,-80,-320,-560,fan
-608,-496,-368,-192,32,240,512,608,480,368,176,-32,-240,-528,fan
-624,-528,-416,-240,-32,176,432,608,480,352,176,-48,-288,-528,fan
-624,-512,-400,-224,-16,208,480,608,512,384,208,-16,-208,-480,fan
-608,-528,-400,-224,-16,192,560,576,464,304,112,-96,-336,-544,fan
-608,-512,-400,-224,-16,192,432,592,512,384,208,0,-176,-480,fan
-608,-496,-352,-160,48,272,512,592,480,352,160,-64,-320,-528,fan
-608,-512,-384,-208,16,224,480,608,512,368,192,-32,-240,-512,fan
-592,-448,-304,-112,96,352,528,560,464,288,80,-112,-400,-576,fan
-608,-480,-368,-192,48,240,528,592,480,352,160,-48,-272,-544,fan
-608,-480,-336,-160,64,272,528,608,496,368,192,-80,-320,-560,fan
-576,-448,-304,-112,96,352,576,560,432,288,96,-80,-368,-560,fan
-608,-496,-368,-192,32,240,512,608,480,352,176,16,-192,-480,fan
-608,-496,-384,-192,16,224,496,592,512,368,176,-32,-336,-576,fan
-608,-528,-416,-224,32,240,464,608,528,400,224,0,-192,-464,fan
-592,-560,-448,-272,-80,128,400,576,560,432,272,64,-96,-352,fan
-608,-528,-432,-272,48,256,512,592,480,352,144,-64,-304,-512,fan
-608,-480,-368,-208,16,224,496,592,496,368,192,-32,-256,-528,fan
-576,-464,-320,-128,96,336,528,576,448,304,112,-96,-368,-560,fan
-592,-560,-448,-288,-80,112,384,592,560,464,320,128,-96,-352,fan
-608,-528,-400,-224,-16,192,464,608,512,384,208,0,-192,-480,fan
-608,-512,-288,80,384,576,560,432,272,64,-128,-400,-544,-560,fan
-608,-496,-368,-192,64,288,544,608,464,320,128,-80,-336,-544,fan
-608,-480,-368,-192,32,272,512,592,464,320,112,-96,-352,-560,fan
-592,-480,-336,-208,16,240,480,608,480,368,192,-32,-256,-512,fan
-592,-512,-416,-240,-96,112,384,608,496,400,240,-48,-176,-464,fan
-608,-560,-448,-288,-96,112,368,576,544,432,272,80,-112,-400,fan
-576,-464,-336,-160,64,304,496,576,464,336,144,-80,-336,-528,fan
-608,-496,-368,-160,64,288,544,576,464,336,144,-80,-320,-544,fan
-592,-576,-448,-288,-112,96,368,576,576,448,288,80,-112,-400,fan
-592,-592,-464,-336,-144,80,320,560,576,464,320,128,-96,-336,fan
-624,-512,-400,-224,-16,208,496,608,480,352,160,-64,-272,-544,fan
-608,-528,-416,-256,-32,160,416,608,544,400,240,16,-176,-432,fan
-608,-528,-432,-256,-48,160,432,608,528,416,240,32,-192,-448,fan
-592,-464,-320,-128,80,320,528,576,464,320,128,-96,-320,-576,fan
-608,-528,-416,-256,16,288,528,592,464,336,144,-80,-336,-544,fan
-592,-512,-400,-240,-16,176,448,624,512,400,224,16,-192,-496,fan
-608,-528,-400,-224,-32,176,496,608,496,352,176,-48,-256,-544,fan
-608,-512,-384,-208,16,160,432,608,528,416,240,32,-192,-448,fan
-608,-512,-336,-144,64,304,544,592,464,320,128,-80,-336,-544,fan
-608,-528,-432,-256,-48,144,432,608,528,416,256,32,-176,-480,fan
-624,-528,-400,-240,-32,176,464,608,512,400,224,0,-208,-496,fan
-592,-544,-432,-272,-64,128,464,592,544,352,160,-64,-288,-528,fan
-624,-528,-416,-256,-32,160,448,624,528,400,224,16,-176,-448,fan
-608,-496,-384,-208,0,208,480,608,512,384,208,-80,-336,-544,fan
-576,-576,-448,-320,-128,96,352,576,576,448,304,96,-96,-400,fan
-608,-496,-384,-192,16,224,512,608,496,368,192,-32,-256,-496,fan
-608,-480,-352,-160,64,272,528,592,464,336,144,-64,-304,-560,fan
-576,-560,-448,-320,-112,96,352,576,560,448,304,112,-96,-352,fan
-624,-528,-384,-256,-48,160,448,592,496,368,192,-32,-272,-528,fan
-608,-528,-400,-224,-16,192,448,592,496,384,272,64,-144,-464,fan
-560,-304,-96,112,368,592,544,416,240,32,-160,-448,-560,-560,fan
-16,16,0,0,0,16,0,0,-16,0,0,0,16,16,desconected
-32,0,0,0,0,0,0,-16,0,0,0,0,0,0,desconected
-16,0,0,0,-16,0,0,0,0,0,0,0,0,0,desconected
-16,0,-16,-16,0,0,0,0,-16,0,0,0,0,0,desconected
-16,-16,0,16,0,0,0,0,0,-16,16,0,0,0,desconected
-16,0,0,0,0,0,0,0,0,0,0,0,16,16,desconected
-16,0,-16,0,0,0,0,16,0,-16,0,0,0,0,desconected
-16,0,0,0,0,0,-16,0,0,0,0,0,0,16,desconected
-16,0,16,0,0,0,-16,0,0,16,0,0,0,32,desconected
-16,0,0,0,0,0,0,16,0,0,0,0,0,0,desconected
-16,0,0,0,0,0,16,-16,0,0,0,0,0,-16,desconected
-16,0,0,0,0,0,0,0,0,0,0,0,0,0,desconected
-16,0,0,0,0,16,0,-16,-16,0,-16,0,0,0,desconected
-16,0,0,0,0,0,-16,16,16,0,0,0,0,0,desconected
-16,0,0,0,0,16,0,0,-16,0,0,0,0,0,desconected
-16,0,0,0,0,0,0,0,0,0,0,0,0,0,desconected
0,0,0,16,0,0,0,0,0,0,16,0,16,0,desconected
-16,0,0,0,0,0,0,16,0,0,16,0,0,0,desconected
-16,0,0,0,0,16,0,0,0,0,0,0,0,0,desconected
-16,0,0,0,0,0,0,0,0,0,0,0,0,0,desconected
-16,0,0,0,0,0,0,16,0,0,0,0,0,0,desconected
-16,0,0,0,0,0,16,0,0,-16,0,0,0,0,desconected
-16,16,0,0,0,0,0,0,-16,0,0,0,0,0,desconected
-16,-16,-16,0,0,0,0,0,0,0,0,0,0,0,desconected
-16,0,0,0,0,0,0,0,0,0,0,0,0,0,desconected
-16,0,0,0,16,0,0,0,0,0,0,0,16,0,desconected
-16,0,0,0,0,-16,16,0,0,0,-16,0,0,0,desconected
-16,0,0,0,0,16,0,0,0,0,0,0,0,0,desconected
-16,16,0,0,0,0,0,0,0,0,0,0,0,0,desconected
0,0,0,0,0,0,0,0,0,0,0,0,0,16,desconected
-16,0,0,0,0,0,0,0,0,0,0,0,0,0,desconected
-16,0,-16,0,0,0,0,0,0,0,0,0,0,0,desconected
-16,0,0,0,16,0,0,0,0,16,16,0,0,0,desconected
-16,0,0,0,0,0,32,0,0,0,0,0,0,0,desconected
-16,16,0,0,0,0,0,0,0,0,0,0,0,0,desconected
0,0,0,16,0,0,0,0,0,0,0,16,0,0,desconected
-16,0,0,0,0,0,0,0,0,0,0,0,0,0,desconected
-64,-16,0,0,0,0,0,0,0,0,0,0,0,0,desconected
-32,0,0,0,0,0,0,0,0,-16,0,0,0,0,desconected
0,0,0,16,0,0,0,0,0,0,0,0,0,0,desconected
-16,0,0,0,0,0,0,0,0,0,0,0,-16,16,desconected
-16,0,0,0,0,0,0,0,0,0,0,0,0,0,desconected
-16,0,0,0,-16,0,0,16,0,0,0,0,0,16,desconected
-16,0,0,0,0,0,0,0,0,0,0,0,0,0,desconected
-16,0,0,16,0,0,0,0,0,0,0,0,0,0,desconected
-16,0,0,0,0,0,0,0,-16,0,0,0,0,0,desconected
-16,0,-16,0,0,0,0,0,0,0,0,-16,16,-16,desconected
-16,0,16,0,0,0,0,-16,0,0,0,0,0,-16,desconected
-16,-16,16,0,0,0,0,0,0,0,0,0,0,0,desconected
-16,0,-16,-16,0,0,0,0,0,-16,0,0,0,0,desconected
-32,0,0,0,0,0,0,0,0,0,-16,0,0,0,desconected
-16,16,0,0,0,0,0,0,0,0,0,0,0,0,desconected
-32,0,0,0,0,0,-16,0,0,16,0,0,0,16,desconected
-16,0,0,0,0,0,0,0,0,0,0,-16,16,16,desconected
-16,-16,0,0,0,0,0,0,-16,0,0,0,0,0,desconected
-16,0,0,0,0,0,0,0,16,0,0,0,0,0,desconected
-16,0,0,-16,0,0,0,0,0,0,0,0,0,0,desconected
-16,16,0,-16,0,0,0,0,16,0,0,0,0,0,desconected
-16,16,-16,0,0,0,0,0,0,0,0,0,0,0,desconected
0,0,0,0,0,0,0,0,0,0,0,0,0,0,desconected
-16,0,0,0,0,-16,0,0,0,0,0,-16,0,16,desconected
-32,0,0,0,0,0,0,0,0,0,0,0,0,-16,desconected
-16,0,0,0,0,0,0,0,0,0,0,0,0,0,desconected
-16,0,0,0,0,0,0,0,0,0,0,0,0,0,desconected
-16,-16,0,0,0,0,0,0,0,-16,0,0,0,0,desconected
-16,0,0,0,0,0,0,0,0,0,0,0,-16,0,desconected
-16,16,0,0,0,0,0,0,0,16,0,0,0,0,desconected
-48,0,0,0,0,0,0,0,0,-16,0,0,16,0,desconected
-16,0,0,0,16,0,0,0,0,0,0,0,0,0,desconected
0,0,0,0,0,0,0,0,0,0,0,0,0,0,desconected
-16,16,16,0,0,0,-16,0,0,0,0,0,0,0,desconected
-16,0,0,0,0,0,0,0,0,0,0,0,0,0,desconected
-16,0,0,0,0,0,0,0,0,0,0,0,0,0,desconected
-16,0,0,0,0,0,0,0,0,0,0,0,16,0,desconected
-16,0,0,0,0,0,0,0,0,16,16,0,0,0,desconected
-16,0,0,0,16,0,0,0,0,0,0,0,0,0,desconected
-16,0,0,0,0,0,16,0,0,0,0,-16,0,0,desconected
-16,0,0,0,0,0,0,16,0,0,0,0,0,0,desconected
-16,0,0,0,0,0,0,16,0,-16,0,0,0,0,desconected
-32,0,16,0,0,0,0,0,0,0,0,0,0,0,desconected
-16,0,0,0,0,0,0,0,32,0,0,0,0,0,desconected
-16,16,0,0,0,0,0,0,0,0,0,0,0,0,desconected
-16,0,0,0,0,0,0,0,0,0,0,-16,-16,0,desconected
-16,0,0,0,-16,0,0,16,0,0,0,0,0,0,desconected
0,0,0,0,0,0,0,0,0,16,0,0,0,0,desconected
-16,0,0,0,0,0,0,0,-16,0,0,0,0,0,desconected
-32,0,16,0,0,0,0,0,0,0,0,0,-16,0,desconected
-16,0,0,0,0,0,-16,0,0,0,0,0,16,0,desconected
-16,0,0,0,0,16,0,0,0,0,0,0,0,16,desconected
-16,0,0,0,0,0,0,32,0,0,0,0,0,0,desconected
-16,0,0,0,0,0,0,0,0,0,0,0,0,-16,desconected
-16,0,0,0,0,0,16,0,-16,0,0,0,0,0,desconected
-16,0,0,0,0,0,0,0,0,0,0,0,0,0,desconected
-16,0,0,0,0,-16,0,0,0,0,0,-16,-16,0,desconected
-16,16,0,-16,0,0,0,0,0,0,0,0,0,0,desconected
-16,-16,0,0,0,0,0,0,16,0,0,0,0,0,desconected
-16,0,0,0,0,0,0,0,0,0,0,0,0,0,desconected
-16,0,0,0,0,0,0,0,0,0,0,0,0,0,desconected
-16,0,0,0,0,0,16,0,16,0,0,0,0,-16,desconected
-16,0,0,0,0,0,0,0,0,0,0,0,0,0,desconected
-16,0,0,0,0,0,16,16,16,0,0,0,0,0,desconected
-32,0,0,0,0,0,0,0,0,0,0,0,0,0,desconected
-16,0,16,0,0,0,0,0,0,0,0,0,16,0,desconected
-16,0,0,0,0,0,0,0,0,0,0,0,16,-16,desconected
-16,0,0,0,0,0,0,-16,0,0,0,0,0,16,desconected
-16,0,0,0,0,0,0,0,0,0,0,0,0,0,desconected
-16,0,0,0,0,0,16,0,16,0,0,0,0,16,desconected
-16,0,0,0,0,0,0,0,0,0,0,0,0,32,desconected
-16,0,16,0,0,0,0,0,0,0,0,0,0,0,desconected
-16,0,0,0,0,0,0,16,0,0,0,0,0,0,desconected
-16,0,0,0,0,0,0,16,0,0,0,0,0,0,desconected
0,0,0,0,0,0,0,0,0,0,0,0,0,0,desconected
-16,0,0,0,0,0,0,0,0,0,0,0,0,-16,desconected
-16,0,0,0,0,0,0,0,0,0,0,0,0,-16,desconected
-16,0,0,0,0,0,0,0,-16,0,0,0,0,-16,desconected
0,0,0,0,0,0,0,0,0,0,0,0,0,0,desconected
-32,0,0,0,0,16,0,0,0,0,0,0,0,0,desconected
-16,0,0,0,0,0,16,0,0,0,0,0,0,0,desconected
-16,0,0,0,0,0,0,0,0,0,0,0,0,0,desconected
-16,0,0,0,0,0,0,0,0,0,0,0,0,0,desconected
0,0,0,0,0,0,0,0,0,0,0,16,16,0,desconected
-32,32,0,0,0,0,0,0,0,0,16,0,0,0,desconected
-16,0,0,-16,-16,16,0,0,0,0,0,0,0,0,desconected
-16,0,0,0,0,0,0,0,0,0,0,0,0,0,desconected
-16,0,0,0,0,-16,0,0,0,0,0,0,0,0,desconected
-32,0,-16,0,0,0,0,-16,0,0,0,0,0,0,desconected
-32,0,16,0,0,0,0,16,-16,0,0,0,0,0,desconected
-32,0,0,0,0,0,16,0,-16,0,0,0,0,0,desconected
-16,0,0,0,0,0,0,0,0,0,0,0,-16,0,desconected
-16,-16,0,0,0,0,0,0,0,0,-16,0,0,0,desconected
-16,0,0,0,-16,0,0,0,0,0,0,0,0,0,desconected
0,0,0,0,0,0,0,0,16,16,0,0,0,0,desconected
-16,0,0,0,0,0,0,0,0,0,0,0,0,0,desconected
-16,0,0,0,0,0,0,0,0,0,0,0,0,0,desconected
-16,0,0,0,0,-16,-16,-16,0,0,0,0,0,0,desconected
-16,0,0,0,0,0,0,0,0,0,0,16,0,0,desconected
-16,0,0,0,0,0,0,-16,0,0,0,0,0,0,desconected
-16,0,0,0,0,0,0,0,0,0,0,0,0,-16,desconected
-16,-16,16,16,0,0,0,0,0,0,0,0,0,0,desconected
-16,0,0,0,0,0,0,0,0,0,0,0,0,0,desconected
-16,0,0,0,0,0,0,0,0,0,0,0,32,-16,desconected
-16,0,0,0,0,32,0,-16,0,0,0,0,16,0,desconected
-16,0,0,0,0,0,0,16,16,0,0,0,0,0,desconected
-16,16,0,0,0,0,0,0,0,0,0,0,0,0,desconected
-16,0,0,0,0,-16,0,0,0,16,0,0,0,0,desconected
-16,0,0,0,0,0,-16,16,0,0,0,0,0,0,desconected
-16,0,0,0,0,16,0,0,0,0,0,0,0,0,desconected
0,16,0,0,0,0,0,0,0,0,0,0,0,0,desconected
-16,0,0,0,0,0,0,0,0,0,0,0,0,0,desconected
-16,0,0,0,0,16,0,16,0,0,0,0,16,0,desconected
-16,0,0,0,0,0,0,0,16,0,0,0,0,0,desconected
-16,0,0,0,0,0,0,0,-16,0,0,0,0,16,desconected
-16,0,0,0,0,0,0,0,0,0,0,16,-16,-16,desconected
-16,0,0,0,0,-16,-16,0,0,0,0,0,0,0,desconected
-16,0,0,0,0,0,0,0,0,0,0,0,0,0,desconected
-16,0,0,0,0,0,0,-16,0,0,0,0,0,0,desconected
-16,-16,0,0,0,0,0,0,16,0,0,0,0,16,desconected
-16,-16,0,0,0,0,0,0,0,0,0,0,0,0,desconected
-16,0,0,0,0,0,-16,-16,0,0,0,0,0,0,desconected
-16,0,0,0,0,0,0,0,16,16,0,0,0,0,desconected
-16,0,0,0,0,0,0,16,0,0,0,0,0,0,desconected
-16,16,0,0,0,-16,0,0,-16,0,-16,0,0,0,desconected
-16,0,0,0,0,16,0,-16,0,0,0,0,0,-16,desconected
-16,0,0,0,0,0,0,0,0,0,0,0,0,0,desconected
-16,0,0,16,0,0,0,0,0,0,0,0,0,0,desconected
-16,0,0,0,0,0,16,-16,0,0,0,0,0,0,desconected
-16,0,0,0,0,0,0,0,0,0,0,0,-16,0,desconected
-16,0,0,0,0,0,0,0,0,0,0,0,0,0,desconected
-16,0,0,0,0,0,0,-16,0,0,0,0,0,16,desconected
-32,0,-16,0,0,0,0,0,0,0,16,0,0,0,desconected
-16,0,0,0,0,0,0,0,0,0,0,0,0,0,desconected
-16,0,0,0,0,0,16,-16,0,16,0,0,0,0,desconected
-16,-16,0,0,0,0,16,-16,0,-16,0,0,0,0,desconected
0,0,0,0,0,0,0,0,0,0,0,0,0,0,desconected
-16,0,0,0,0,0,0,0,0,0,0,0,0,0,desconected
-32,0,0,0,0,0,0,0,0,-16,0,0,0,0,desconected
-16,-16,0,0,0,0,16,0,0,0,0,0,0,0,desconected
-16,16,0,0,0,0,0,0,0,0,0,0,0,0,desconected
-16,0,0,0,0,0,0,-16,0,0,0,0,0,0,desconected
-16,0,0,0,0,0,0,0,0,0,0,0,0,16,desconected
-16,0,0,0,16,0,0,-16,0,0,0,0,-16,0,desconected
-16,0,0,0,-16,0,0,-16,0,0,0,0,0,0,desconected
-16,0,0,0,0,0,-16,16,0,0,0,0,0,0,desconected
-16,16,0,16,0,0,0,0,-16,0,0,0,0,0,desconected
-16,0,0,-16,0,0,0,0,0,0,0,16,0,0,desconected
-16,0,-16,0,16,0,16,0,0,0,0,0,0,0,desconected
-16,0,-16,0,0,0,0,0,0,0,0,0,0,0,desconected
-16,0,0,0,0,0,0,0,0,0,0,0,0,-16,desconected
-16,0,0,0,0,0,0,0,0,16,-16,0,0,0,desconected
-16,0,0,0,0,0,16,0,16,0,0,0,0,0,desconected
-16,-16,0,0,0,0,0,0,0,0,0,0,0,0,desconected
-16,0,0,0,0,0,0,0,0,0,16,16,0,0,desconected
-32,0,0,0,0,0,0,0,0,0,0,0,0,0,desconected
-32,16,0,0,0,0,0,0,0,0,0,0,-32,16,desconected
-16,0,0,0,0,0,0,0,0,0,0,0,16,0,desconected
-16,0,-16,16,0,0,0,0,0,0,0,0,0,0,desconected
-16,16,0,0,0,0,0,16,0,0,0,0,0,0,desconected
0,0,16,16,0,0,0,0,0,0,0,0,0,0,desconected
0,0,0,0,0,0,0,0,0,0,0,0,0,32,desconected
-16,16,0,0,0,0,0,16,16,0,0,0,0,0,desconected
-16,0,16,0,0,0,0,0,16,0,0,0,0,0,desconected
-16,0,0,0,0,0,0,-16,0,-16,0,0,0,0,desconected
-16,0,0,0,0,0,-16,0,0,0,0,0,0,0,desconected
-16,0,0,0,0,0,16,-16,-16,16,0,0,0,0,desconected
-16,0,16,0,0,0,0,0,16,0,16,0,0,0,desconected
-16,0,0,0,0,0,0,0,0,0,0,0,0,-16,desconected
-16,16,0,0,0,0,0,0,0,0,0,0,0,0,desconected
-32,0,0,0,0,0,0,0,0,0,16,0,0,0,desconected
-16,0,0,0,0,0,0,-16,0,16,0,0,0,0,desconected
-16,0,0,0,0,0,0,0,16,0,0,0,0,0,desconected
-16,0,0,16,0,0,0,0,0,0,0,0,0,0,desconected
-16,-16,0,0,0,0,0,16,0,0,0,0,0,0,desconected
-32,0,0,0,0,0,0,0,0,0,0,0,0,0,desconected
0,0,0,0,0,0,0,0,0,0,0,0,0,0,desconected
-16,16,0,0,0,0,0,0,0,0,0,0,0,0,desconected
-16,0,0,0,0,0,0,16,0,0,0,0,0,0,desconected
-32,0,-16,16,0,0,0,0,0,0,0,0,0,0,desconected
-16,0,0,0,0,0,0,0,0,0,0,0,0,0,desconected
-16,-16,-16,0,0,0,0,0,0,0,0,0,16,16,desconected
-16,0,0,0,0,0,0,16,0,16,0,0,0,16,desconected
0,0,0,0,0,0,0,0,0,0,0,16,16,0,desconected
-16,0,0,0,0,0,0,0,0,0,0,-16,0,0,desconected
-16,0,0,0,0,16,16,16,0,0,0,0,0,0,desconected
-16,0,0,0,0,0,16,0,0,-16,0,0,0,16,desconected
-16,0,0,0,0,0,16,0,0,0,0,0,0,0,desconected
-16,0,0,0,0,0,0,0,0,0,0,0,0,0,desconected
-16,0,0,0,0,0,0,0,16,0,0,0,16,0,desconected
-16,16,16,0,0,0,0,0,0,0,0,0,0,0,desconected
0,0,0,0,0,0,0,0,16,0,0,0,0,0,desconected
0,0,0,16,0,16,0,0,0,0,0,0,0,0,desconected
-16,0,0,0,0,-16,0,0,0,0,0,-16,0,0,desconected
0,0,0,0,0,0,0,0,0,0,16,0,0,0,desconected
-16,0,0,0,0,0,0,0,0,0,0,0,0,0,desconected
0,0,0,0,0,0,0,0,0,0,0,0,0,0,desconected
-16,0,0,0,0,0,0,0,0,0,0,0,0,0,desconected
0,0,16,0,0,0,16,0,0,16,0,0,0,16,desconected
-16,0,0,0,0,0,0,0,0,0,0,16,0,0,desconected
-16,0,0,0,0,0,0,0,16,0,-16,0,0,0,desconected
-16,0,-16,0,0,0,0,0,0,16,0,0,0,0,desconected
-16,0,0,0,-16,16,0,0,0,0,0,0,0,0,desconected
-16,0,0,0,0,0,-16,16,0,0,0,0,16,0,desconected
-16,0,0,0,0,16,16,-16,0,0,0,0,0,0,desconected
0,0,0,0,0,0,0,0,0,0,0,0,0,0,desconected
-16,0,0,0,0,0,0,0,0,0,0,0,0,0,desconected
-16,0,16,0,0,0,0,0,0,0,-16,0,0,0,desconected
-32,0,0,0,0,0,-16,0,0,-16,0,0,0,0,desconected
-16,0,0,0,0,0,-16,16,0,0,0,0,0,-16,desconected
-16,0,-16,0,0,0,0,16,0,0,0,0,0,0,desconected
0,0,0,0,0,16,0,0,0,0,0,0,0,16,desconected
-16,-16,0,0,0,0,0,0,0,0,16,0,0,0,desconected
-16,-16,0,0,0,0,0,0,-16,0,0,0,0,0,desconected
-16,16,0,0,0,0,0,0,0,0,0,0,0,16,desconected
-16,0,0,0,0,0,16,0,0,0,0,0,0,16,desconected
0,0,0,0,16,0,0,0,0,0,0,0,0,0,desconected
-16,16,0,0,0,0,16,16,0,0,0,0,0,0,desconected
0,0,0,0,0,0,0,0,16,16,0,0,0,0,desconected
-16,0,0,0,0,0,0,-16,0,0,0,0,-16,0,desconected
-32,0,0,0,0,0,0,16,-32,0,0,0,0,-16,desconected
-16,0,0,0,0,0,0,0,0,0,0,16,16,16,desconected
-16,0,0,0,0,0,0,16,0,16,0,0,0,32,desconected
-16,0,0,0,0,0,0,0,0,-16,0,0,0,0,desconected
-16,-16,0,0,0,0,0,0,0,0,0,0,16,-16,desconected
-16,16,0,0,0,0,0,0,0,0,0,0,0,0,desconected
0,16,0,0,0,0,0,16,16,0,0,0,0,0,desconected
-16,0,0,0,0,0,0,0,0,16,0,0,0,0,desconected
-16,0,0,0,0,0,0,0,0,0,0,0,-16,16,desconected
-16,0,0,0,16,0,0,0,0,0,0,0,0,0,desconected
-16,0,0,0,0,0,0,16,0,0,0,0,0,-16,desconected
-16,0,0,-16,0,-16,0,0,0,0,0,0,-16,0,desconected
-16,-16,0,16,0,0,0,-16,0,0,0,0,0,0,desconected
-16,0,0,0,0,0,0,0,-16,0,0,0,0,0,desconected
-16,-16,0,0,0,0,0,16,0,-16,0,0,0,0,desconected
-16,0,16,0,0,0,16,16,16,0,0,0,0,0,desconected
-16,0,0,0,16,16,0,-16,0,0,0,0,-16,0,desconected
0,0,0,0,0,0,0,0,0,0,0,0,0,0,desconected
-32,0,-16,0,0,0,0,-16,16,0,0,0,0,0,desconected
-16,-16,0,16,0,0,0,16,0,0,0,0,0,0,desconected
-16,0,0,0,0,0,0,16,0,0,0,0,0,0,desconected
-16,0,0,0,0,0,0,0,0,0,0,0,-16,-16,desconected
-16,0,0,0,0,0,16,0,0,0,0,0,0,0,desconected
-16,0,0,0,0,0,0,16,0,0,0,0,-16,0,desconected
-16,0,0,16,0,0,0,0,0,0,0,0,0,0,desconected
-16,0,0,0,0,0,0,16,16,0,0,0,0,0,desconected
-16,0,0,0,0,16,0,16,-16,0,0,0,0,0,desconected
-16,0,0,0,0,0,0,0,0,0,0,0,0,0,desconected
-16,0,0,0,0,0,0,0,16,0,0,0,0,0,desconected
-16,0,0,0,0,0,0,0,0,0,0,0,0,16,desconected
-16,0,0,0,-16,0,0,0,0,-16,16,0,0,0,desconected
-16,0,0,0,0,-16,0,16,0,0,0,0,16,0,desconected
-16,16,0,0,0,0,0,0,16,0,16,0,0,0,desconected
-16,0,0,0,0,0,0,0,0,0,0,0,0,0,desconected
-16,0,0,0,0,0,0,16,0,0,0,0,0,16,desconected
-16,0,0,0,0,0,0,0,-16,-16,0,0,0,0,desconected
-16,0,-16,0,0,0,0,-16,0,0,0,0,0,0,desconected
-16,0,0,0,0,0,0,16,-16,0,-16,0,0,0,desconected
-32,-16,0,0,0,0,0,16,0,0,0,0,0,0,desconected
-16,0,0,0,0,0,0,0,0,0,0,0,0,-16,desconected
-16,0,0,0,0,16,0,16,0,0,0,0,0,0,desconected
-16,0,0,0,0,16,32,0,-16,0,0,0,0,0,desconected
-16,0,0,0,0,0,0,0,0,0,0,0,0,0,desconected
-16,0,16,0,0,0,0,0,0,0,0,0,0,0,desconected
-32,16,16,0,0,0,0,0,0,0,16,0,0,0,desconected
-16,16,0,0,0,0,0,0,-16,0,0,0,16,-16,desconected
-16,0,0,0,0,0,0,0,16,0,0,0,0,0,desconected
-16,0,0,0,0,0,0,0,0,0,0,0,0,0,desconected
-16,0,-16,0,0,0,0,0,-16,0,0,0,0,16,desconected
-16,0,0,0,0,0,0,-16,-16,0,0,0,0,0,desconected
-16,0,0,0,0,0,0,0,-16,0,0,0,-16,0,desconected
-16,0,-16,0,0,0,0,0,0,0,0,0,0,0,desconected
-16,0,0,16,0,0,0,0,0,0,-16,0,0,0,desconected
-16,-16,0,0,0,0,0,0,0,0,0,0,0,16,desconected
0,0,0,0,16,0,0,0,0,0,0,16,0,0,desconected
-16,0,0,0,0,0,0,-16,0,0,0,0,0,-16,desconected
-16,0,0,0,0,-16,0,16,0,0,0,-16,-16,0,desconected
-16,0,0,0,0,0,-16,16,0,0,0,0,0,0,desconected
-32,0,0,0,0,0,0,16,0,0,0,0,0,0,desconected
-16,0,0,0,0,0,0,16,0,0,0,0,0,0,desconected
0,0,0,0,0,0,0,0,0,0,0,0,0,0,desconected
-16,0,0,0,0,0,16,0,0,0,0,0,0,-16,desconected
-16,0,0,0,0,0,0,-16,16,0,0,0,0,0,desconected
-16,0,-16,0,0,0,0,0,0,0,0,0,0,0,desconected
-16,0,0,0,0,0,0,0,0,0,0,0,0,32,desconected
-16,0,-16,0,0,0,0,0,0,-16,0,0,0,0,desconected
0,0,0,0,0,16,0,0,0,0,0,0,0,0,desconected
-16,0,0,16,0,0,0,0,0,0,0,0,0,0,desconected
-16,-16,0,16,0,0,0,0,-16,16,0,0,0,0,desconected
-16,16,0,0,0,0,-16,16,-16,0,0,0,0,0,desconected
-32,0,16,0,0,0,0,0,0,0,0,0,0,0,desconected
-16,0,0,0,16,0,0,0,0,0,0,0,0,0,desconected
-32,0,0,0,0,0,0,-16,0,0,0,0,0,0,desconected
-16,16,0,0,0,0,0,0,0,0,0,0,0,-16,desconected
-16,-16,-16,-16,0,0,0,16,0,0,0,0,0,0,desconected
-16,0,0,0,0,0,0,0,-16,0,0,0,16,0,desconected
-16,0,0,0,0,-16,-16,0,0,0,0,0,16,0,desconected
-16,0,0,0,0,0,0,0,0,0,0,0,0,0,desconected
-32,0,0,0,0,0,16,0,0,0,0,0,16,32,desconected
-16,0,0,-16,0,0,0,0,0,0,-16,0,0,0,desconected
-16,0,0,0,0,0,0,0,0,0,0,0,0,0,desconected
0,0,16,0,0,0,0,0,0,32,0,16,0,0,desconected
-16,-16,0,0,0,0,0,0,0,0,16,0,0,0,desconected
-16,0,0,0,0,0,0,0,0,0,0,0,0,0,desconected
-32,0,0,0,0,0,0,0,16,-16,0,0,0,0,desconected
-16,0,0,0,0,0,0,0,0,0,16,0,0,0,desconected
-16,16,0,-16,0,0,0,0,-16,0,0,0,0,0,desconected
-16,0,0,0,0,0,-16,0,0,16,0,0,0,0,desconected
-16,-16,0,0,0,0,0,0,-16,0,0,0,0,0,desconected
-16,0,0,0,0,16,0,-16,0,0,0,0,32,0,desconected
-16,16,0,0,0,0,0,0,16,0,0,0,0,0,desconected
-16,0,16,0,0,0,0,-16,16,0,0,0,0,0,desconected
-16,0,-16,0,0,0,0,0,-16,0,0,0,0,0,desconected
-16,0,0,0,0,0,0,0,0,0,0,16,0,0,desconected
-16,0,16,0,0,0,0,0,0,0,0,0,0,0,desconected
-16,0,0,0,16,-16,0,0,0,0,0,0,16,0,desconected
-16,0,16,0,0,0,0,0,0,-16,0,0,0,0,desconected
-16,-16,0,0,0,0,0,0,0,0,0,0,0,0,desconected
-16,0,0,0,0,0,0,0,0,0,0,0,0,0,desconected
-16,0,0,0,0,0,0,-16,0,0,0,0,0,0,desconected
0,16,0,0,0,0,0,0,0,0,16,0,0,0,desconected
-16,0,0,0,0,-16,0,0,-16,0,0,0,0,16,desconected
-16,0,0,0,0,0,0,16,0,0,0,0,0,0,desconected
-16,0,0,0,0,0,0,0,0,16,0,0,0,0,desconected
-16,0,0,0,0,0,0,-16,0,0,0,-16,32,0,desconected
-16,0,0,0,0,-16,0,0,0,0,0,-16,0,0,desconected
-48,-16,-16,0,0,0,0,0,0,0,0,0,0,0,desconected
-16,0,-16,0,0,0,0,0,0,0,0,0,0,0,desconected
-16,0,0,0,0,0,0,0,0,-16,0,0,0,0,desconected
-16,0,0,0,0,16,-16,0,0,16,0,0,0,0,desconected
-16,0,0,0,0,0,16,-16,0,0,0,-16,0,-16,desconected
-16,0,0,0,0,0,0,0,0,0,0,0,0,0,desconected
-16,0,0,0,0,-16,16,0,0,0,0,0,0,0,desconected
-16,0,0,0,16,-16,0,0,0,0,0,-16,0,0,desconected
-32,16,0,0,0,0,0,0,0,0,0,0,0,0,desconected
0,0,0,0,0,0,0,0,0,0,0,0,0,0,desconected
-16,0,0,0,0,0,0,0,0,0,0,0,16,0,desconected
-16,0,0,0,0,0,0,-16,-16,0,0,0,0,0,desconected
-16,0,0,0,0,0,0,0,0,16,0,0,0,0,desconected
-16,0,0,0,0,0,0,0,0,0,0,0,0,0,desconected
-32,-16,0,0,0,0,0,0,0,0,0,0,0,0,desconected
-16,0,0,0,16,16,0,0,0,0,0,0,0,0,desconected
-16,0,0,0,0,0,0,0,0,0,0,0,0,-16,desconected
-16,16,0,0,0,0,0,0,-16,0,0,0,0,0,desconected
-16,0,16,0,0,0,0,16,0,0,0,0,0,0,desconected
-16,0,0,0,0,0,16,-16,0,0,0,0,0,0,desconected
-16,0,0,-16,0,-16,0,0,0,0,0,0,0,0,desconected
-16,0,0,0,0,0,0,0,0,0,16,0,0,0,desconected
-16,0,0,0,0,-16,-16,0,0,0,0,0,-16,0,desconected
-16,0,0,0,0,0,0,0,0,0,0,0,0,-16,desconected
0,0,0,0,32,0,0,0,0,0,0,0,0,0,desconected
-16,16,0,0,0,0,0,0,0,0,0,0,0,0,desconected
-16,16,-16,-16,0,0,0,0,0,0,0,0,0,0,desconected
-16,0,0,0,0,0,0,-16,0,0,0,0,0,0,desconected
-16,0,0,0,0,0,0,0,16,0,0,0,0,0,desconected
-32,0,0,0,0,0,0,0,16,0,0,0,0,0,desconected
0,0,16,0,0,0,0,0,0,16,0,0,0,0,desconected
0,0,0,16,16,0,0,0,0,0,0,16,0,0,desconected
0,0,0,0,0,0,0,0,0,16,0,0,0,0,desconected
-16,0,16,0,0,0,-16,-16,0,0,0,0,0,-16,desconected
-16,0,0,0,0,0,0,0,0,0,0,0,0,16,desconected
-16,0,-16,0,0,0,0,0,0,0,0,0,0,0,desconected
-16,0,0,0,0,0,0,0,0,0,0,0,-16,0,desconected
-16,-16,0,16,0,0,0,0,0,16,-16,0,0,0,desconected
-16,0,0,0,0,-16,0,0,0,16,16,16,0,0,desconected
-32,0,-16,16,0,0,0,-16,0,0,0,0,0,0,desconected
-16,0,0,0,0,0,0,0,0,0,0,16,0,0,desconected
-16,0,0,0,0,0,0,32,0,0,0,0,0,0,desconected
-16,0,0,0,48,0,0,0,0,0,0,0,0,0,desconected
-16,0,0,0,0,0,0,0,0,0,0,0,0,0,desconected
-16,0,0,0,0,0,0,-16,0,0,0,0,0,0,desconected
-16,0,0,0,0,0,0,0,-16,0,0,0,0,0,desconected
-32,0,16,0,0,0,0,0,16,0,-16,0,0,0,desconected
0,0,0,0,0,0,0,0,0,0,0,0,16,0,desconected
-16,0,0,0,0,-16,0,0,0,0,-16,0,0,0,desconected
-16,0,0,0,0,16,-16,0,0,0,0,0,0,0,desconected
-16,16,0,0,0,0,0,-16,0,0,0,0,0,0,desconected
-16,0,0,16,0,0,0,16,16,0,0,0,0,0,desconected
-16,0,0,0,0,0,0,0,-16,0,0,0,0,0,desconected
-16,0,0,0,0,0,0,0,0,0,0,0,0,0,desconected
0,0,0,0,0,16,0,0,16,0,0,16,16,0,desconected
-16,0,0,0,0,0,0,0,0,0,0,0,0,0,desconected
-16,0,16,0,0,0,0,16,16,0,0,0,0,0,desconected
-16,0,0,0,0,0,0,0,-16,0,0,0,0,16,desconected
-16,0,0,0,0,0,0,0,0,0,16,0,0,0,desconected
-16,0,0,-16,0,0,0,-16,0,-16,0,0,0,0,desconected
-16,0,0,0,0,0,0,0,-16,0,0,0,0,0,desconected
-32,16,16,-16,0,0,0,0,16,-16,0,0,0,0,desconected
-16,0,0,0,0,0,0,0,0,0,0,0,-16,0,desconected
-16,0,0,0,0,0,-16,0,0,-16,0,0,0,0,desconected
-16,0,0,0,-16,0,0,0,0,0,0,0,0,0,desconected
0,0,16,0,0,0,0,0,0,0,0,0,0,0,desconected
-16,0,0,0,0,0,0,16,0,16,0,0,0,0,desconected
-16,0,0,0,0,0,0,-16,-16,0,0,0,0,0,desconected
-16,0,0,0,0,0,0,0,0,0,0,0,0,0,desconected
-16,0,16,0,0,0,0,0,0,0,0,0,0,0,desconected
-16,0,0,0,0,0,0,0,0,0,0,0,0,0,desconected
-16,-16,0,0,0,0,0,0,-16,0,0,0,0,0,desconected
0,0,0,0,0,0,0,0,0,0,0,0,0,0,desconected
-16,0,0,0,0,0,0,0,0,0,0,0,-16,16,desconected
0,0,0,0,0,0,0,0,0,0,16,0,0,0,desconected
-1408,-480,64,64,64,48,32,1296,-64,-64,-64,-64,-64,-32,tv
-1328,48,64,64,64,80,144,1216,-48,-64,-48,-48,-48,-352,tv
-1168,48,48,48,48,48,656,1104,-64,-64,-64,-64,-48,-896,tv
-1360,-576,64,64,64,48,48,1472,336,-64,-48,-64,-48,-48,tv
-1392,64,48,64,64,544,1088,-48,-64,-64,-64,-48,-32,-1264,tv
-1376,-336,48,64,48,64,48,1376,128,-64,-64,-64,-48,-32,tv
-1280,-800,48,64,64,48,48,848,1024,-64,-64,-48,-48,-48,tv
-1408,-208,64,64,64,32,48,1376,32,-48,-64,-64,-48,-48,tv
-1088,48,48,48,48,48,800,1040,-48,-64,-64,-64,-48,-1056,tv
-1424,-288,48,64,48,48,48,1360,112,-64,-64,-64,-64,-48,tv
-1280,48,64,64,64,48,32,1248,-48,-64,-64,-48,-32,-48,tv
-1392,-480,64,64,48,64,48,1392,224,-48,-64,-48,-48,-560,tv
-1360,-128,48,64,64,48,32,1232,-48,-48,-64,-48,-32,-48,tv
-1280,64,64,64,64,48,48,1168,-48,-48,-48,-48,-32,-528,tv
-1408,-640,64,64,64,48,64,1376,464,-48,-64,-48,-48,-32,tv
-1376,-704,64,64,64,48,64,1408,528,-48,-48,-48,-48,-176,tv
-1424,-496,64,48,64,48,64,1424,192,-48,-64,-64,-48,-32,tv
-1376,-544,48,64,64,48,48,1168,848,-48,-64,-64,-48,-48,tv
-1280,48,64,64,64,48,192,1200,-32,-48,-48,-48,-32,-16,tv
-1312,64,48,48,48,48,368,1152,-64,-64,-64,-48,-32,-864,tv
-1376,48,64,64,48,48,48,1328,-48,-64,-64,-48,-48,-32,tv
-1376,-704,48,48,64,64,32,1392,496,-48,-64,-64,-48,-1200,tv
-1136,-912,64,64,64,80,48,336,1168,-48,-64,-64,-48,-48,tv
-1440,-272,48,48,48,48,48,1312,784,-64,-64,-64,-48,-48,tv
-1216,-816,48,48,48,64,608,720,-48,-64,-64,-64,-48,-896,tv
-1264,-816,48,64,64,48,32,1376,1056,-48,-48,-48,-48,-48,tv
-1360,48,48,64,48,32,48,1328,-64,-48,-48,-64,-48,-32,tv
-1424,-272,64,64,64,48,64,1344,800,-48,-48,-64,-48,-784,tv
-1296,48,48,48,48,64,1008,944,-48,-48,-64,-48,-48,-1216,tv
-1328,-768,48,64,64,32,48,1440,592,-48,-64,-64,-32,-48,tv
-1456,-592,64,64,64,64,48,1440,320,-48,-64,-64,-48,-32,tv
-1408,-768,48,64,64,32,48,1392,640,-64,-64,-64,-64,-32,tv
-1344,64,64,64,32,48,448,1120,-48,-64,-48,-48,-48,-736,tv
-1312,48,48,64,48,48,32,1248,-48,-64,-64,-64,-48,-176,tv
-1376,32,64,64,64,64,48,1248,-48,-64,-64,-48,-48,-288,tv
-1296,48,64,64,64,32,48,1344,-48,-64,-64,-64,-48,-48,tv
-1392,-64,48,64,48,48,16,1264,-48,-64,-64,-48,-48,-128,tv
-1376,48,64,48,48,0,48,1328,-64,-64,-64,-64,-48,-32,tv
-1312,64,48,64,48,48,48,1264,-48,-64,-64,-48,-48,-48,tv
-1312,48,48,64,64,48,48,1264,-48,-48,-48,-48,-48,-1072,tv
-1408,-496,64,64,48,64,48,1424,-48,-64,-48,-48,-48,-16,tv
-1328,64,48,48,48,48,48,1408,224,-64,-64,-48,-48,-32,tv
-1408,-416,48,64,64,48,32,1296,-64,-48,-64,-64,-48,-32,tv
-1248,-768,64,64,64,64,48,1392,608,-48,-64,-64,-32,-64,tv
-1312,48,48,64,48,32,32,1296,-48,-64,-64,-64,-48,-48,tv
-1344,-144,64,48,64,48,48,1280,-48,-48,-48,-64,-64,-112,tv
-1216,-832,48,64,48,80,32,1344,688,-64,-64,-64,-48,-32,tv
-1344,48,48,48,64,48,48,1312,-64,-64,-64,-64,-48,-48,tv
-1376,-80,64,64,64,48,48,1360,-64,-48,-64,-48,-48,-32,tv
-1376,16,48,64,48,48,32,1312,-64,-48,-64,-48,-48,-48,tv
-1216,64,64,64,64,48,1296,784,-48,-64,-48,-48,-32,-1360,tv
-1312,48,48,48,48,64,48,1264,-48,-64,-64,-64,-32,-1104,tv
-1136,-816,48,64,64,48,48,1344,720,-48,-64,-64,-64,-48,tv
-1328,64,48,64,64,64,48,1312,-48,-64,-64,-48,-64,-592,tv
-1296,48,64,64,64,48,128,1232,-48,-48,-64,-48,-48,-304,tv
-1360,-48,64,64,64,64,48,1216,-48,-64,-64,-64,-48,-176,tv
-1296,-704,48,64,64,32,16,896,1008,-48,-64,-64,-64,-48,tv
-1408,64,48,64,64,48,64,1408,224,-64,-64,-48,-48,-48,tv
-1264,48,64,64,48,48,320,1152,-48,-64,-64,-48,-48,-624,tv
-1376,16,64,64,48,32,48,1296,-48,-48,-48,-48,-48,-32,tv
-1312,-688,48,48,48,64,32,1312,-48,-64,-48,-64,-48,-32,tv
-1248,48,64,64,64,48,1264,800,-48,-64,-64,-48,-32,-1328,tv
-1296,48,64,48,64,48,32,1264,-48,-64,-64,-64,-48,-96,tv
-1488,-96,48,64,64,64,32,1280,-48,-48,-64,-64,-48,-48,tv
-1120,48,64,64,48,48,896,1024,-48,-64,-64,-48,-48,-1408,tv
-1248,48,48,48,48,32,352,1152,-48,-64,-48,-48,-64,-704,tv
-1376,-192,48,48,64,48,32,1232,-48,-64,-64,-64,-48,-64,tv
-1312,48,64,64,64,64,32,1264,-48,-48,-64,-48,-32,-80,tv
-1408,-512,48,64,64,64,80,1392,240,-48,-64,-64,-48,-48,tv
-1344,64,64,48,64,48,32,1280,-48,-48,-64,-48,-64,-32,tv
-1296,64,64,64,64,64,48,1232,-32,-48,-48,-48,-48,-128,tv
-1328,64,64,48,64,32,432,1152,-48,-48,-64,-48,-48,-656,tv
-1200,-864,64,64,64,48,48,1328,736,-48,-64,-48,-64,-64,tv
-1264,48,48,64,64,48,96,1200,-48,-64,-64,-64,-48,-48,tv
-1344,-64,48,64,48,32,64,1312,-48,-48,-64,-48,-64,-48,tv
-1408,-384,64,64,48,64,48,1392,144,-48,-64,-48,-64,-48,tv
-1392,-416,48,64,64,64,48,1200,800,-48,-64,-64,-48,-32,tv
-1200,48,64,48,48,48,640,1072,-48,-64,-64,-48,-48,-896,tv
-1248,48,64,64,64,48,304,1168,-48,-48,-48,-48,-48,-528,tv
-1440,-1072,48,64,64,64,64,976,928,-48,-64,-48,-48,-32,tv
-1376,-144,64,64,48,48,32,1232,-48,-48,-64,-64,-48,-144,tv
-1376,-480,48,64,64,48,48,1360,192,-48,-48,-64,-48,-48,tv
-1264,48,64,64,64,64,32,1248,-48,-48,-64,-48,-48,-1424,tv
-1344,48,64,64,48,32,800,1008,-48,-48,-64,-48,-48,-1072,tv
-1296,-624,48,48,64,32,32,1280,-64,-48,-64,-64,-48,-32,tv
-1296,48,64,64,64,64,80,1216,-32,-48,-48,-48,-48,-304,tv
-1392,-640,48,64,64,48,48,1392,432,-48,-64,-48,-48,-48,tv
-1280,64,64,64,64,64,48,1248,-48,-48,-64,-48,-48,-832,tv
-1456,-288,64,64,64,48,48,1280,736,-48,-64,-64,-48,-64,tv
-1248,48,64,48,64,48,128,1216,-48,-48,-64,-48,-48,-288,tv
-1328,-784,48,64,64,48,64,1376,608,-48,-64,-48,-32,-32,tv
-1280,-784,64,48,64,48,48,736,1040,-48,-64,-64,-48,-32,tv
-1312,64,64,64,48,48,48,144,-48,-64,-48,-48,-48,-1264,tv
-1328,64,48,64,64,32,48,1280,-48,-64,-48,-48,-48,-704,tv
-1312,64,48,64,32,64,1216,1152,-48,-48,-64,-48,-32,-624,tv
-1184,64,64,64,48,32,16,1264,-48,-64,-64,-64,-48,-112,tv
-1296,-816,48,64,64,48,48,640,1088,-64,-64,-48,-48,-48,tv
-1360,-128,64,64,64,80,64,1312,-48,-48,-48,-64,-48,-32,tv
-1440,-576,64,64,64,32,16,1392,352,-64,-64,-48,-48,-32,tv
-1360,64,64,64,32,48,1072,944,-48,-64,-64,-48,-48,-1216,tv
-1344,48,64,64,64,80,32,1392,480,-48,-64,-48,-64,-32,tv
-1152,-848,64,64,48,32,64,1328,704,-48,-48,-48,-48,-32,tv
-1312,48,48,64,48,32,48,1248,-48,-48,-64,-64,-48,-32,tv
-1376,48,48,64,48,64,48,1296,-48,-64,-64,-64,-64,-48,tv
-1392,-560,48,48,48,48,48,1152,848,-48,-48,-64,-48,-32,tv
-1312,64,48,48,48,32,32,1280,-48,-48,-64,-48,-48,-32,tv
-1360,-560,48,64,64,32,32,1280,-48,-48,-64,-48,-32,-64,tv
-1360,-288,48,48,48,32,32,1376,144,-64,-64,-48,-48,-48,tv
-1440,-272,48,48,48,48,64,1280,112,-48,-48,-48,-48,-48,tv
-1120,48,64,64,64,16,880,1008,-48,-64,-64,-48,-48,-1088,tv
-1360,-448,48,64,64,32,64,1248,192,-48,-64,-64,-48,-48,tv
-1232,48,64,48,48,48,480,1088,-48,-48,-48,-48,-64,-832,tv
-1376,-336,48,64,64,32,64,1344,128,-48,-48,-48,-48,-32,tv
-1376,-208,64,64,64,32,48,1360,48,-64,-64,-48,-48,-64,tv
-1392,-480,48,64,48,32,32,1216,800,-48,-64,-64,-48,-48,tv
-1456,-672,48,48,48,48,48,1440,544,-48,-64,-48,-48,-48,tv
-1344,64,64,64,64,48,48,1296,-48,-64,-64,-64,-48,-32,tv
-1200,-896,48,64,48,48,32,1264,784,-48,-48,-64,-48,-48,tv
-1392,-656,64,64,64,64,48,1392,-64,-48,-64,-48,-32,-32,tv
-1376,-192,48,48,64,16,48,1360,16,-64,-64,-64,-48,-48,tv
-1168,48,64,64,48,48,544,1120,-48,-64,-64,-64,-48,-768,tv
-1424,-608,48,64,64,48,48,1424,352,-48,-64,-48,-48,-32,tv
-1312,64,48,64,64,48,1424,704,-48,-64,-64,-48,-48,-1408,tv
-1248,48,48,48,48,32,208,1216,-48,-64,-64,-64,-48,-320,tv
-1408,-288,48,64,48,48,48,1248,-48,-48,-64,-64,-48,-32,tv
-1328,-672,48,48,64,48,64,1392,528,-64,-48,-64,-48,-48,tv
-1328,-704,64,64,64,64,32,1392,576,-48,-64,-64,-48,-48,tv
-1248,48,48,48,48,48,64,1232,-64,-64,-64,-64,-48,-48,tv
-1376,-944,48,48,64,64,48,1200,816,-48,-64,-64,-64,-48,tv
-1328,-640,48,64,64,64,48,1376,400,-48,-64,-48,-48,-48,tv
-1392,-400,64,64,64,64,32,1392,208,-48,-64,-48,-48,-48,tv
-1312,64,64,48,48,48,48,1296,-64,-64,-64,-48,-48,-64,tv
-1376,-96,64,64,64,48,48,1312,-64,-64,-64,-48,-48,-32,tv
-1280,48,64,64,64,48,192,1152,-32,-48,-48,-48,-48,-1360,tv
-1280,48,48,64,48,64,1424,1024,-48,-64,-48,-48,-48,-1072,tv
-1280,64,48,64,64,16,16,1376,176,-48,-64,-64,-48,-32,tv
-1216,48,64,64,48,16,368,1104,-48,-48,-48,-48,-48,-784,tv
-1392,-64,48,64,48,80,64,1440,576,-64,-48,-64,-48,-48,tv
-1200,-848,48,48,48,48,48,1392,96,-48,-48,-48,-48,-32,tv
-1424,-560,64,64,48,64,48,1104,864,-48,-64,-64,-48,-48,tv
-1392,-160,64,48,48,48,48,1312,16,-64,-64,-64,-48,-48,tv
-1392,-592,48,64,64,64,64,1104,912,-48,-48,-48,-48,-32,tv
-1376,16,64,64,64,32,64,1312,-64,-64,-64,-48,-48,-48,tv
-1360,-736,64,64,64,48,48,1392,496,-48,-48,-48,-32,-32,tv
-1248,48,48,64,64,48,176,1216,-48,-64,-64,-48,-64,-464,tv
-1296,48,64,64,64,64,48,1280,-64,-48,-64,-64,-48,-48,tv
-1376,-256,48,64,64,48,48,1360,80,-48,-64,-64,-64,-32,tv
-1296,48,64,48,64,64,48,1264,-64,-48,-64,-48,-32,-32,tv
-1408,-416,48,48,64,64,32,1168,816,-48,-64,-64,-48,-48,tv
-1152,-880,48,64,64,64,80,496,1120,-48,-48,-48,-48,-32,tv
-1408,-480,64,64,64,32,320,1152,-48,-48,-64,-48,-48,-48,tv
-1376,-208,64,64,64,48,48,1296,16,-48,-48,-48,-32,-976,tv
-1360,0,64,64,48,48,32,1328,-64,-48,-48,-64,-64,-48,tv
-1376,-256,64,64,64,80,48,1360,80,-48,-48,-48,-32,-48,tv
-1408,-576,64,48,48,64,32,1424,336,-64,-48,-64,-48,-48,tv
-1456,-192,64,64,64,48,32,1376,704,-48,-64,-48,-48,-48,tv
-1488,-192,48,48,64,80,32,1056,-48,-64,-64,-48,-48,-704,tv
-1360,64,48,64,48,48,16,1344,-48,-48,-48,-48,-32,-432,tv
-1408,-128,48,64,64,0,48,1248,-48,-48,-64,-64,-48,-64,tv
-1424,-288,64,48,64,32,32,1408,160,-64,-64,-64,-48,-32,tv
-1360,48,48,48,64,64,80,1232,-48,-64,-64,-48,-48,-32,tv
-1104,48,64,48,64,48,880,976,-48,-48,-64,-48,-48,-1152,tv
-1344,48,48,64,48,32,32,1296,-48,-48,-64,-64,-64,-48,tv
-1456,48,64,64,48,48,32,1296,-48,-64,-64,-48,-32,-48,tv
-1536,-528,48,48,64,32,32,1440,256,-48,-64,-48,-48,-48,tv
-1168,-816,48,48,48,48,32,1408,720,-64,-64,-64,-64,-48,tv
-1296,48,48,48,48,16,32,1264,-48,-48,-64,-64,-32,-192,tv
-1280,48,48,48,48,48,32,1296,-64,-64,-64,-64,-32,-368,tv
-1184,48,64,48,48,32,640,1104,-48,-64,-48,-48,-48,-848,tv
-1424,48,48,64,48,48,32,1264,-64,-64,-64,-64,-64,-32,tv
-1344,0,48,64,48,64,32,1216,-48,-64,-64,-64,-48,-272,tv
-1296,48,64,48,64,32,368,1280,-64,-48,-64,-48,-48,-32,tv
-1344,16,48,48,48,48,32,1312,-64,-64,-64,-48,-48,-256,tv
-1136,48,64,48,64,48,832,1040,-48,-48,-64,-48,-48,-1424,tv
-1344,64,48,48,64,64,32,1296,-48,-64,-64,-48,-48,-48,tv
-1248,48,48,48,48,32,1360,320,-48,-64,-48,-48,-64,-1376,tv
-1216,48,48,64,64,32,320,1168,-48,-64,-48,-48,-48,-672,tv
-1344,-192,64,64,64,48,48,1376,-48,-48,-48,-64,-32,-176,tv
-1264,48,48,48,64,80,48,1248,-48,-64,-64,-64,-32,-80,tv
-1296,48,48,64,48,48,32,1232,-32,-48,-64,-48,-48,-192,tv
-1360,-720,64,64,48,80,48,1056,928,-48,-48,-64,-48,-32,tv
-1424,-272,48,64,48,48,32,1392,144,-64,-64,-64,-48,-48,tv
-1360,-80,64,48,64,64,48,1328,-48,-48,-48,-48,-32,-32,tv
-1360,0,64,64,64,48,48,1296,-48,-48,-64,-48,-48,-32,tv
-1120,48,64,48,48,32,880,992,-48,-48,-64,-48,-32,-1376,tv
-1344,16,48,64,48,0,128,1248,-48,-64,-64,-64,-48,-1168,tv
-1376,-672,48,64,64,48,48,1280,-48,-48,-64,-64,-64,-32,tv
-1328,16,64,64,64,32,32,1312,-48,-64,-64,-64,-48,-32,tv
-1248,48,64,48,48,32,1024,976,-48,-64,-64,-48,-48,-1152,tv
-1296,-768,48,48,64,64,32,960,624,-64,-64,-48,-48,-48,tv
-1376,-544,48,48,48,64,32,1376,288,-64,-64,-64,-48,-32,tv
-1360,-688,48,48,64,48,48,1440,544,-64,-64,-48,-48,-224,tv
-1344,64,64,64,48,48,288,1152,-48,-64,-48,-48,-32,-576,tv
-1344,16,64,64,48,80,32,1424,496,-64,-48,-48,-32,-32,tv
-1408,-96,48,64,48,48,32,1328,-48,-48,-64,-48,-32,-32,tv
-1296,48,48,64,64,64,48,1328,-48,-64,-64,-48,-32,-32,tv
-1376,-688,48,64,64,64,32,1392,512,-48,-64,-64,-48,-32,tv
-1264,48,48,64,64,16,128,1216,-48,-64,-64,-64,-32,-1184,tv
-1392,-560,64,64,64,80,304,1168,-48,-48,-64,-48,-48,-32,tv
-1280,64,64,64,64,48,48,1232,-32,-48,-64,-48,-48,-1088,tv
-1232,-880,64,64,64,48,64,1360,704,-48,-64,-64,-48,-32,tv
-1296,48,48,64,48,64,48,1264,-48,-64,-64,-48,-32,-816,tv
-1392,-672,64,64,64,32,80,1440,432,-48,-64,-48,-48,-48,tv
-1168,48,64,64,64,48,592,1088,-48,-64,-64,-48,-48,-896,tv
-1392,-144,48,64,48,0,48,1344,-48,-48,-64,-64,-48,-32,tv
-1232,48,64,64,48,48,368,1136,-48,-64,-64,-48,-48,-1424,tv
-1376,-720,48,64,64,80,64,1440,560,-48,-48,-64,-48,-48,tv
-1408,-496,64,64,64,16,48,1376,192,-48,-64,-64,-48,-48,tv
-1328,48,64,64,64,64,64,1312,-48,-64,-64,-48,-48,-32,tv
-1104,48,64,48,48,48,960,944,-48,-64,-64,-48,-48,-1168,tv
-1216,48,64,64,48,32,464,1104,-48,-64,-48,-48,-48,-784,tv
-1248,48,48,64,64,48,80,1200,-48,-64,-64,-64,-48,-272,tv
-1376,-656,48,48,48,48,32,1328,-64,-64,-64,-64,-64,-32,tv
-1424,-368,64,64,64,48,48,1264,784,-48,-64,-64,-48,-48,tv
-1184,48,64,48,64,32,480,1136,-48,-64,-48,-64,-48,-736,tv
-1328,48,64,64,64,48,368,1136,-48,-64,-64,-48,-48,-640,tv
-1136,48,64,64,48,48,704,1040,-48,-64,-64,-48,-32,-976,tv
-1376,-80,48,64,64,32,48,1328,-64,-48,-64,-64,-48,-32,tv
-1376,-144,64,64,64,32,48,1312,-64,-64,-64,-64,-48,-176,tv
-1184,48,64,64,64,48,528,1104,-48,-48,-64,-64,-32,-768,tv
-1344,-768,48,64,64,80,48,960,960,-48,-64,-48,-32,-256,tv
-1360,48,48,48,48,32,144,1216,-48,-64,-64,-64,-48,-32,tv
-1360,-480,48,64,48,48,32,1408,224,-64,-64,-64,-48,-32,tv
-1184,-816,48,48,64,48,48,1408,720,-64,-64,-64,-48,-48,tv
-1424,-224,48,64,48,48,32,1296,-48,-64,-64,-64,-48,-880,tv
-1280,64,64,64,64,48,560,1120,-48,-64,-48,-48,-48,-48,tv
-1360,-96,64,64,64,48,48,1328,-48,-64,-64,-48,-48,-48,tv
-1312,-800,48,64,48,64,32,752,1088,-48,-64,-64,-48,-48,tv
-1232,48,48,48,48,48,176,1248,-48,-64,-64,-48,-48,-1232,tv
-1280,48,48,64,48,32,80,1216,-48,-48,-64,-64,-48,-224,tv
-1440,-512,64,64,64,64,32,1408,256,-48,-48,-48,-48,-48,tv
-1232,-784,48,64,48,48,48,800,1056,-48,-48,-64,-64,-16,tv
-1392,-704,48,64,64,48,48,896,960,-48,-64,-64,-48,-32,tv
-1408,-272,64,64,64,48,48,1232,-48,-48,-64,-64,-48,-48,tv
-1248,48,48,64,64,48,288,1168,-48,-64,-64,-48,-48,-32,tv
-1408,-304,64,64,64,32,32,1360,96,-64,-64,-64,-32,-32,tv
-992,64,64,64,48,48,1056,912,-48,-48,-48,-48,-32,-528,tv
-1408,-608,48,64,64,64,32,1408,-64,-64,-64,-64,-48,-32,tv
-1360,-48,48,64,48,64,48,1328,-64,-48,-64,-64,-48,-48,tv
-1424,-144,64,64,64,64,48,1360,-48,-64,-48,-48,-48,-160,tv
-1296,64,64,64,48,64,32,1280,-48,-48,-48,-48,-64,-112,tv
-1216,-816,48,48,64,64,16,1360,672,-48,-48,-64,-64,-48,tv
-1456,-560,48,64,64,64,32,1440,320,-48,-48,-48,-48,-48,tv
-1456,-336,48,64,64,48,32,1424,160,-48,-64,-64,-48,-48,tv
-1392,48,64,64,64,48,128,1296,-48,-48,-64,-64,-32,-272,tv
-1232,48,64,48,64,80,352,1104,-48,-64,-48,-48,-48,-1376,tv
-1456,-304,48,64,48,32,464,1136,-48,-64,-64,-64,-48,-32,tv
-1440,-272,48,48,48,32,32,1424,176,-64,-64,-64,-48,-48,tv
-1408,-608,48,48,48,64,48,1440,336,-64,-64,-64,-64,-48,tv
-1264,48,64,48,48,48,32,1280,-64,-48,-64,-64,-48,-512,tv
-1328,48,64,64,48,32,32,1328,-64,-64,-64,-64,-48,-32,tv
-1488,64,48,48,64,48,16,1392,432,-64,-48,-64,-48,-48,tv
-1392,0,64,64,64,48,112,1264,-48,-64,-64,-64,-64,-288,tv
-1328,48,48,64,48,48,128,1200,-48,-64,-48,-64,-32,-288,tv
-1104,48,64,64,64,64,1424,592,-48,-64,-64,-48,-48,-1072,tv
-1376,48,64,64,64,64,32,1440,448,-48,-64,-48,-48,-48,tv
-1440,-624,64,64,64,64,48,1088,912,-48,-64,-64,-48,-48,tv
-1392,16,64,48,48,64,48,1344,-64,-48,-64,-64,-48,-32,tv
-1376,-656,48,64,64,64,48,1344,-64,-64,-64,-48,-48,-32,tv
-1312,48,64,48,48,64,16,1296,-64,-64,-64,-48,-64,-48,tv
-1392,-576,64,48,64,48,64,1280,-48,-48,-48,-64,-48,-48,tv
-1408,-480,48,64,64,48,64,1424,224,-48,-64,-48,-48,-32,tv
-1440,-272,64,64,64,64,512,1136,-48,-48,-48,-48,-32,-816,tv
-1312,64,48,48,64,48,48,1328,176,-64,-64,-64,-32,-48,tv
-1344,64,64,64,64,48,32,1280,-48,-48,-48,-48,-48,-32,tv
-1280,48,64,64,64,48,32,1248,-48,-64,-48,-64,-48,-160,tv
-1376,64,64,64,64,48,96,1184,-48,-48,-48,-48,-32,-384,tv
-1104,64,64,64,64,48,896,960,-48,-64,-64,-48,-48,-1168,tv
-1312,48,64,64,64,64,48,544,-48,-64,-64,-48,-32,-1168,tv
-1424,-608,48,64,64,48,48,1440,336,-64,-64,-64,-48,-32,tv
-1312,64,48,64,64,48,32,1296,-48,-48,-48,-48,-48,-32,tv
-1296,64,64,64,32,48,1424,560,-48,-48,-64,-48,-32,-1152,tv
-1152,-912,48,64,48,48,32,528,1136,-48,-48,-64,-48,-48,tv
-1360,-656,48,64,64,48,48,1040,464,-48,-48,-64,-64,-32,tv
-1056,-880,48,48,64,80,64,560,1136,-64,-48,-48,-64,-48,tv
-1408,48,64,48,64,32,800,1056,-64,-64,-64,-48,-48,-128,tv
-1376,-608,48,64,48,48,48,1424,400,-48,-64,-64,-48,-48,tv
-1280,-720,48,48,64,48,48,912,1024,-64,-64,-64,-64,-48,tv
-1344,-704,48,48,48,48,16,944,992,-48,-64,-64,-48,-64,tv
-1408,-160,48,64,48,64,48,1408,672,-48,-64,-64,-48,-48,tv
-1376,-64,48,64,64,64,32,1376,-64,-64,-64,-48,-48,-1424,tv
-1424,-272,64,48,48,32,480,1136,-48,-64,-64,-48,-48,-32,tv
-1424,-288,64,64,48,64,48,1360,752,-48,-64,-48,-48,-32,tv
-1280,-1088,48,48,64,64,48,960,1008,-48,-64,-64,-48,-32,tv
-1216,48,48,64,48,64,32,1280,-48,-64,-64,-64,-48,-688,tv
-1456,-224,48,64,64,48,64,1344,0,-48,-48,-48,-32,-32,tv
-1344,-736,64,64,64,48,32,1424,544,-48,-48,-64,-32,-48,tv
-1376,48,64,64,64,16,32,1328,-48,-48,-64,-48,-48,-48,tv
-1440,-240,64,64,64,32,80,1296,736,-48,-48,-48,-48,-48,tv
-1360,-672,48,48,64,64,32,1392,448,-48,-64,-48,-32,-32,tv
-1392,64,64,64,64,48,32,1296,-64,-48,-64,-48,-64,-48,tv
-1264,48,64,64,48,48,288,1216,-48,-48,-64,-64,-48,-432,tv
-1104,64,64,64,64,32,1472,-64,-48,-64,-48,-48,-32,-1328,tv
-1312,48,48,64,64,32,48,1296,-48,-48,-64,-64,-80,-128,tv
-4832,-1840,64,240,240,224,2752,4912,2320,240,-176,-192,-480,-3840,blender
-4752,-2256,-112,256,256,240,2960,4848,2144,144,-176,-176,-160,-3120,blender
-4816,-1920,-48,208,208,192,3232,4544,1696,-96,-224,-192,-208,-3728,blender
-4768,-3264,-704,240,240,224,1968,4896,3008,1024,-224,-208,-192,-1488,blender
-4640,-3296,-624,240,224,224,2976,4816,2208,192,-208,-208,-192,-3216,blender
-4800,-1840,64,240,240,224,3168,4336,1680,-160,-160,-160,-464,-3792,blender
-4384,-1392,240,240,224,720,3968,4096,1264,-208,-192,-176,-1040,-4240,blender
-4976,-3072,-480,272,272,256,2304,4880,2032,80,-176,-176,-144,-3248,blender
-4960,-2000,-64,208,192,208,4576,3360,736,-240,-208,-224,-2048,-4960,blender
-4816,-2704,-400,224,208,208,2720,4704,2384,304,-208,-192,-192,-3040,blender
-4960,-1920,-32,240,240,208,2384,4912,2512,368,-208,-176,-176,-3632,blender
-5136,-2128,-112,240,224,224,2672,4720,2064,128,-160,-160,-160,-3120,blender
-4528,-1312,240,224,224,832,3824,3936,704,-192,-176,-176,-2080,-4864,blender
-4624,-3552,-800,256,240,256,1760,4768,3376,768,-192,-192,-192,-1056,blender
-4912,-2096,-128,224,224,208,3184,3552,816,-208,-176,-192,-1984,-4864,blender
-5072,-688,224,224,224,2624,4736,2176,128,-192,-176,-176,-3200,-4704,blender
-4944,-1536,240,224,224,1440,4576,3584,832,-192,-192,-192,-1808,-4400,blender
-4304,-3872,-912,240,224,224,448,3616,4400,1344,-192,-160,-176,-976,blender
-4800,-3040,-608,240,224,224,2176,4912,3072,544,-192,-208,-192,-2528,blender
-4256,-1248,256,224,224,1024,4048,4080,1088,-192,-192,-176,-1536,-4160,blender
-4720,-2512,-368,224,224,192,3456,4640,1712,-128,-208,-192,-192,-3344,blender
-4464,-3456,-736,240,224,224,1936,4688,3120,640,-208,-192,-192,-2304,blender
-4304,-3600,-816,256,240,240,1856,4480,3264,800,-144,-176,-160,-2000,blender
-4816,-2640,-416,208,224,224,2576,4816,1760,-96,-192,-192,-240,-3728,blender
-5088,-3264,-656,192,208,192,1360,4112,3504,464,-176,-208,-192,-2496,blender
-4848,-2864,-496,256,240,256,2304,4896,1968,48,-176,-176,-176,-3296,blender
-4880,-2032,288,272,272,624,3712,4272,1312,-176,-144,-160,-880,-3984,blender
-5024,-2224,-128,256,240,240,3008,4768,2160,144,-192,-176,-176,-2880,blender
-5040,-2592,-304,240,240,224,2576,4800,2288,256,-176,-176,-160,-2960,blender
-4736,-1056,240,224,224,320,3584,3888,976,-208,-192,-192,-1680,-4560,blender
-4864,-1728,112,240,224,224,3488,4752,1600,-128,-208,-192,-1552,-4448,blender
-5168,-2192,-64,240,240,240,2944,5008,2048,80,-176,-160,-160,-3360,blender
-4960,-1280,240,240,224,672,3936,4192,1136,-176,-176,-176,-1088,-4208,blender
-4368,-1424,224,192,208,528,3696,4304,848,-208,-192,-208,-3680,-3296,blender
-5152,-2704,-560,240,224,208,2896,5328,2576,432,-256,-240,-272,-3424,blender
-5184,-2640,-480,240,224,224,3152,5216,1696,-80,-240,-224,-1712,-4864,blender
-4640,-1648,128,272,272,1088,4096,4368,1440,-128,-176,-176,-1632,-4624,blender
-4656,-3568,-896,224,192,192,1456,4160,4208,1168,-240,-224,-224,-1360,blender
-5552,-3552,-816,288,224,240,2304,4544,2288,400,-160,-128,-144,-3248,blender
-5072,-4976,-1312,256,304,320,1456,4592,4496,1328,-176,-192,-160,-1088,blender
-4928,-2208,-304,240,256,208,3952,4352,1536,-112,-224,-192,-1600,-4640,blender
-4672,-3488,-864,272,240,256,1376,4096,3104,848,-112,-144,-144,-1680,blender
-5232,-3056,-640,272,272,272,2880,5328,2800,528,-224,-208,-192,-3024,blender
-5536,-2336,-240,288,272,272,3072,4944,2240,240,-192,-176,-496,-4000,blender
-4720,-1744,32,224,240,224,3456,5328,2336,208,-272,-224,-240,-3040,blender
-5424,-2976,-576,288,272,256,2320,4864,2736,560,-176,-144,-144,-1680,blender
-4992,-3392,-640,320,288,288,2592,5328,2944,-96,-192,-176,-1392,-4576,blender
-5360,-3104,-576,288,288,272,2896,5232,2944,512,-192,-208,-208,-2832,blender
-5200,-3520,-464,192,192,192,3232,4928,2352,240,-288,-256,-240,-3632,blender
-5200,-2288,272,256,240,1648,4272,3792,1056,-192,-176,-176,-2208,-5168,blender
-5584,-2656,-432,304,288,288,2880,5216,2448,384,-192,-176,-384,-3776,blender
-5008,-1792,-48,240,240,544,3984,4896,1760,-32,-224,-208,-560,-3808,blender
-5104,-1808,-16,240,256,1072,3984,4912,1680,-96,-240,-224,-1376,-4544,blender
-5232,-4016,-1040,240,224,224,1792,4608,3344,800,-208,-208,-192,-1904,blender
-5312,-3056,-512,320,288,288,2448,4832,2752,608,-144,-160,-128,-2800,blender
-5072,-4320,-1280,224,208,208,3904,4544,1584,-96,-192,-224,-1488,-4672,blender
-5232,-3344,-704,288,256,272,2176,5136,3024,688,-176,-208,-176,-2512,blender
-5248,-2160,192,240,240,1408,4464,4416,1360,-208,-208,-224,-1600,-4512,blender
-5184,-3584,-896,240,224,208,2368,5456,3488,752,-272,-272,-256,-3648,blender
-5696,-2864,-496,320,320,304,3600,5408,2608,480,-208,-176,-192,-3024,blender
-5744,-3440,-752,336,304,304,2816,5440,3296,752,-208,-176,-192,-2304,blender
-4496,-3440,-896,208,192,192,2032,4608,1152,-256,-256,-224,-2048,-4880,blender
-5856,-3088,-640,320,288,288,2416,5008,3024,720,-144,-160,-160,-2848,blender
-5344,-3440,-752,304,288,288,2768,5712,3200,624,-224,-208,-224,-2944,blender
-4144,-3904,-992,256,240,240,1424,4608,2672,512,-160,-176,-160,-2480,blender
-4608,-2832,-464,240,240,224,3824,4128,1280,-192,-160,-160,-1104,-3984,blender
-4832,-2944,-480,224,208,208,2128,4208,2576,416,-176,-144,-160,-2208,blender
-4976,-2688,-448,224,208,208,2464,4736,2384,304,-176,-176,-176,-2544,blender
-5200,-3040,-80,224,240,224,2336,5104,2704,448,-208,-192,-192,-2832,blender
-4864,-1712,176,240,240,224,3584,4416,1552,-128,-160,-160,-512,-3808,blender
-4960,-2640,-320,256,224,224,2864,5328,2464,240,-208,-224,-224,-2912,blender
-5072,-2592,-336,256,240,240,2848,4784,1696,-176,-192,-192,-368,-3840,blender
-4880,-1808,128,224,224,240,3536,4768,1568,-176,-208,-192,-544,-4208,blender
-5168,-1248,288,272,256,928,4656,3136,704,-176,-176,-160,-2272,-5056,blender
-5200,-1936,48,288,272,256,4048,4160,1296,-160,-176,-160,-1296,-4320,blender
-5264,-2976,-512,240,224,240,2432,5168,2784,512,-224,-208,-208,-2816,blender
-5216,-2496,-272,256,240,240,2752,5008,2208,160,-208,-160,-1568,-4336,blender
-4400,-3856,-848,272,256,256,1536,4464,3488,880,-160,-176,-144,-2544,blender
-4752,-1552,160,224,208,320,3456,4448,1392,-208,-192,-176,-944,-4160,blender
-4832,-3536,48,240,256,224,3392,4688,1760,-96,-208,-176,-464,-3872,blender
-4592,-3568,-880,256,240,224,1888,4928,3328,768,-208,-208,-192,-2160,blender
-5136,-2544,-320,256,256,256,2704,5184,1728,-96,-176,-176,-368,-3600,blender
-4640,-3520,-800,256,224,224,1872,4736,3328,-112,-160,-176,-560,-3920,blender
-5088,-2000,240,224,2560,4880,2496,352,-208,-192,-208,-2864,-4976,-2320,blender
-5040,-3520,-688,272,256,240,1984,4768,3072,624,-144,-176,-160,-2240,blender
-4992,-3984,-992,256,240,240,1344,4208,3584,944,-176,-160,-144,-1680,blender
-4976,-2832,-432,272,240,240,1680,4704,3408,816,-192,-192,-192,-1952,blender
-4960,-2480,-288,224,240,224,1808,4752,3024,224,-176,-176,-512,-3712,blender
-5248,-2288,-208,240,224,224,3088,5072,1952,-208,-208,-208,-1888,-4752,blender
-5136,-1360,240,224,208,1664,3776,4064,1264,-192,-192,-160,-1088,-4000,blender
-4992,-1248,240,240,224,1824,4560,3200,688,-192,-144,-176,-2288,-5056,blender
-4304,-1392,-80,192,176,192,3280,4816,1120,-224,-224,-224,-1216,-4224,blender
-4336,-3536,-752,240,240,224,3184,4416,1712,-64,-160,-176,-192,-3584,blender
-5184,-3216,-592,224,208,208,1968,4560,2032,96,-176,-160,-176,-3424,blender
-5184,-2592,-832,240,224,224,2016,4640,3248,704,-192,-192,-176,-2064,blender
-4928,-1760,128,240,224,224,3488,4608,1632,-128,-192,-192,-1408,-4784,blender
-4816,-2288,-192,224,208,208,2992,4880,2128,96,-224,-208,-672,-3920,blender
-5024,-2800,-512,256,240,240,2384,5232,2064,64,-208,-208,-208,-3360,blender
-4752,-3712,-864,240,224,208,4144,4320,1200,-224,-208,-208,-1216,-4256,blender
-5072,-2672,-400,224,224,192,2496,5024,2480,272,-176,-192,-176,-2784,blender
-4912,-1728,80,224,224,224,3120,4720,2272,304,-176,-160,-176,-3552,blender
-4800,-3472,-672,288,256,256,2096,4800,3376,656,-192,-160,-160,-2192,blender
-4896,-2432,-304,256,240,240,2448,4608,2272,272,-144,-144,-320,-3728,blender
-4992,-2736,-432,240,208,224,2528,5200,2464,336,-208,-192,-192,-2560,blender
-4928,-1920,48,224,224,240,3328,4800,1712,-128,-192,-192,-304,-3616,blender
-6032,-3024,-592,272,256,256,2768,4880,2416,512,-176,-192,-240,-3424,blender
-5552,-3408,-720,272,256,464,3648,5200,2368,336,-240,-224,-1152,-4256,blender
-5312,-1984,-176,240,224,1536,4800,4800,1760,32,-304,-288,-1792,-5008,blender
-5296,-3584,-896,256,224,224,2624,5440,3472,752,-256,-304,-256,-3136,blender
-5344,-2432,-400,288,272,272,3184,5024,2384,416,-208,-208,-480,-4608,blender
-5968,-3632,-864,304,288,256,2768,5456,3328,784,-240,-240,-224,-2912,blender
-4832,-1872,-96,240,224,1200,4272,5152,1792,-128,-272,-256,-1920,-5360,blender
-4832,-3984,-1120,288,272,240,3232,5696,2976,608,-272,-240,-256,-3616,blender
-5520,-3360,-752,288,272,304,3488,6112,2896,624,-288,-288,-288,-3216,blender
-5408,-2256,-256,288,288,928,4128,5152,2096,224,-256,-224,-1216,-4224,blender
-5168,-2384,-352,208,208,880,4096,5216,2000,144,-304,-304,-1232,-4560,blender
-5264,-2048,224,272,256,2064,5360,4480,1344,-256,-256,-256,-1968,-4976,blender
-5136,-2416,-416,208,208,240,3376,5168,2208,224,-272,-256,-1120,-4416,blender
-5072,-3184,-656,192,192,720,3760,5168,2000,144,-304,-288,-1888,-4832,blender
-4704,-3216,-752,336,304,288,2656,5360,3376,800,-192,-160,-464,-3776,blender
-5280,-2048,-224,160,160,2368,5056,3200,720,-320,-304,-288,-2672,-5264,blender
-5200,-1760,-32,304,288,1472,4624,5008,1712,-16,-208,-192,-464,-3600,blender
-5392,-3712,-976,224,208,192,2512,5280,3456,800,-288,-224,-288,-2528,blender
-5488,-2576,-400,256,224,928,4128,5440,2112,256,-288,-288,-2640,-5568,blender
-5920,-2544,-368,320,320,1504,4480,3888,1200,-144,-144,-128,-2096,-5072,blender
-5632,-2768,-448,336,320,320,3328,5296,2592,512,-160,-160,-160,-2960,blender
-4544,-3680,-1040,160,128,144,2208,5312,3552,832,-320,-304,-304,-2640,blender
-5616,-2480,-384,256,256,240,3312,5040,2192,304,-224,-192,-1040,-4128,blender
-5312,-3536,-800,272,256,256,2912,5648,3344,768,-272,-224,-240,-3360,blender
-5568,-2272,-240,304,288,272,2736,5120,2864,256,-176,-224,-976,-4176,blender
-4416,-928,224,208,208,2288,5312,3232,752,-272,-240,-256,-1824,-4416,blender
-5568,-3088,-640,224,224,224,2432,5024,3584,480,-240,-256,-256,-2224,blender
-5520,-2560,-432,224,224,464,3648,5552,2288,272,-288,-272,-944,-4064,blender
-5440,-1984,-80,272,256,1408,4704,5152,1744,-96,-272,-256,-1536,-4784,blender
-5376,-2384,112,240,208,272,3504,4832,1904,-192,-240,-208,-2464,-5152,blender
-5488,-3072,-640,304,304,288,3376,5696,2800,560,-256,-208,-288,-3536,blender
-5520,-2176,-160,288,288,880,4128,5120,2032,128,-208,-208,-1408,-4784,blender
-5072,-2208,-224,304,272,352,3504,4784,2080,256,-192,-176,-416,-3520,blender
-5328,-2192,-320,224,208,1040,4096,5408,2000,112,-256,-288,-1488,-4704,blender
-5392,-4128,-1200,304,256,272,1600,4736,3936,1104,-176,-160,-704,-3920,blender
-5296,-4368,-1248,256,240,224,1712,4768,4736,1616,-128,-256,-256,-1760,blender
-5552,-2880,-496,288,272,928,4144,5152,1728,32,-208,-208,-976,-4032,blender
-5232,-4400,-1312,256,272,288,2304,5392,4448,1264,-256,-272,-224,-2064,blender
-4528,-3920,-1136,208,176,192,2240,5136,4640,1488,-208,-320,-288,-880,blender
-5824,-2752,-560,256,240,224,3328,5296,2624,480,-256,-272,-256,-3328,blender
-5552,-2544,-368,304,288,1136,4160,5664,2272,272,-240,-256,-240,-3392,blender
-5200,-1968,-144,304,272,256,3344,5264,2576,464,-208,-208,-208,-2960,blender
-5648,-3312,-800,240,208,208,2880,5376,3168,672,-272,-272,-448,-3472,blender
-5712,-4256,-1072,336,320,320,2272,4960,3936,1088,-176,-176,-176,-2416,blender
-5472,-3728,-992,128,224,224,1024,4000,4160,1360,-160,-192,-192,-1696,blender
-5424,-2224,-304,224,208,192,3120,4736,2112,224,-208,-176,-992,-4176,blender
-5712,-3648,-848,304,256,256,2400,5120,3392,752,-208,-208,-176,-2304,blender
-5280,-2240,128,256,240,1312,4416,4288,1376,-128,-208,-208,-1568,-4672,blender
-5200,-4848,-1456,160,288,256,2768,5616,3472,912,-272,-256,-240,-2704,blender
-4896,-3808,-960,272,256,240,2368,5136,3536,912,-240,-224,-240,-2592,blender
-5392,-2496,-400,288,272,320,3568,5376,2288,336,-240,-224,-736,-3792,blender
-5104,-4048,-1072,224,208,192,2304,5056,3680,576,-224,-256,-1008,-3888,blender
-5168,-4016,-1120,240,192,224,2432,5552,3792,976,-304,-272,-304,-3456,blender
-5296,-3920,-976,336,304,288,2000,4688,3376,960,-160,-144,-160,-2640,blender
-5264,-320,240,224,288,3424,4192,1504,-80,-192,-176,-1200,-4144,-4096,blender
-5328,-3360,-768,288,256,272,3056,5584,3120,592,-256,-256,-224,-2944,blender
-5264,-1776,-32,288,256,2608,5152,3024,720,-192,-192,-992,-4064,-5344,blender
-4944,-3840,-1136,304,272,272,3072,5584,2288,336,-224,-224,-1296,-4880,blender
-5392,-2368,-400,224,224,208,3200,4992,2224,320,-224,-224,-544,-3584,blender
-5344,-3008,-608,320,288,288,2976,5312,2976,608,-208,-208,-992,-3968,blender
-5168,-1904,-144,256,240,672,3920,4640,1904,96,-208,-208,-1536,-4544,blender
-5584,-2512,-304,304,304,1472,5168,3872,1056,-224,-192,-192,-2048,-5088,blender
-5584,-2240,336,304,320,3120,5520,2752,576,-224,-208,-208,-3008,-4720,blender
-5200,-2400,-384,256,224,352,3520,5072,2160,320,-240,-224,-992,-4032,blender
-5360,-2112,-224,288,304,1312,4096,5200,2080,240,-224,-208,-1632,-4512,blender
-5456,-2080,-240,256,240,368,3600,5040,1952,-208,-208,-208,-2752,-5168,blender
-5408,-1616,0,224,224,1376,4224,4288,1408,-144,-240,-240,-1840,-4768,blender
-5248,-4752,-2192,-192,336,304,736,3872,5104,2032,240,-176,-176,-912,blender
-5360,-3744,-896,288,272,272,2624,5616,3744,880,-256,-240,-240,-2448,blender
-5344,-1872,-48,272,272,1312,5264,2288,384,-224,-224,-944,-3888,-5072,blender
-5424,-2688,-448,272,256,416,3504,5536,2496,448,-208,-240,-656,-3904,blender
-4928,-2144,-336,176,192,1136,4096,4832,1920,32,-304,-288,-1360,-4272,blender
-5552,-2832,-512,288,272,640,3728,5552,2592,432,-240,-240,-1568,-4624,blender
-5456,-2432,-320,368,352,352,2896,5232,3136,816,-144,-160,-144,-3312,blender
-5344,-2848,-688,240,224,224,3120,5152,2832,576,-256,-240,-256,-3072,blender
-5936,-3600,-752,320,304,1504,4352,4800,1696,32,-208,-192,-1728,-4768,blender
-5792,-3840,-960,304,272,288,2656,5216,3280,848,-224,-224,-208,-2960,blender
-5296,-3296,-768,304,304,288,3040,5808,3280,768,-256,-224,-336,-3472,blender
-5328,-3056,-656,304,272,272,3088,5424,3040,624,-240,-224,-304,-3152,blender
-5296,-2096,-224,240,224,912,3936,4752,1744,64,-256,-240,-1600,-4240,blender
-5264,-2800,-656,288,272,1424,3920,5360,2544,592,-304,-320,-1712,-4208,blender
-5456,-4304,-1312,144,256,272,2784,5456,4064,112,-320,-304,-2656,-5312,blender
-5648,-2896,-656,320,288,1312,3968,5536,2768,656,-272,-256,-1712,-4112,blender
-5840,-3536,-1008,304,288,1136,4384,5520,2464,160,-320,-304,-2368,-5024,blender
-5536,-3088,-816,272,256,1088,3664,5264,2176,352,-320,-288,-2176,-4752,blender
-5504,-4448,-1456,48,272,256,2528,4960,4160,1264,-176,-256,-256,-2848,blender
-5312,-2848,-624,304,272,592,3360,5696,2656,528,-304,-288,-1808,-4208,blender
-5536,-2624,-560,288,272,1632,4288,5280,2272,496,-288,-288,-1760,-4208,blender
-5584,-4032,-1216,224,320,320,2864,5296,3936,1200,-176,-208,-224,-2992,blender
-5472,-3744,-1024,288,272,304,3008,5472,2592,544,-272,-256,-1504,-4048,blender
-5328,-3200,-832,256,240,1248,3744,5728,2880,640,-352,-320,-1648,-4144,blender
-5296,-2976,-688,304,272,784,3296,5216,2704,640,-240,-224,-1584,-4048,blender
-5296,-2288,-336,304,304,2464,5248,4352,1488,-128,-256,-256,-2928,-5424,blender
-5424,-2272,-304,288,256,2208,4864,4880,1840,208,-272,-288,-2528,-5216,blender
-5536,-3696,-1040,256,224,528,3328,5504,3328,912,-336,-336,-320,-2800,blender
-5232,-2528,-512,256,256,2208,4784,4608,1664,96,-320,-272,-2240,-4784,blender
-5488,-3392,-912,320,304,1216,3792,5008,2560,880,-240,-224,-576,-3296,blender
-5120,-2224,-336,304,272,1696,4352,5184,2240,336,-256,-256,-1808,-4400,blender
-5280,-4304,-1360,192,304,288,2384,5712,4256,1216,-224,-272,-448,-3216,blender
-5472,-4112,-1248,208,288,272,2752,5424,3840,1152,-224,-256,-240,-3344,blender
-5296,-2672,-560,304,288,1696,4096,5248,2512,464,-256,-272,-1408,-4000,blender
-5552,-3584,-912,288,256,256,2592,5152,4080,1296,-176,-256,-256,-2880,blender
-5696,-2960,-624,288,272,1568,4256,5344,2544,464,-304,-304,-1776,-4304,blender
-5088,-4448,-1488,0,240,240,2640,5264,4224,1280,-240,-336,-304,-4896,blender
-5232,-2784,-672,256,240,864,3488,5088,2672,560,-288,-256,-1504,-3792,blender
-5184,-3792,-1072,272,272,432,3104,5216,3408,960,-272,-256,-1088,-3488,blender
-5280,-2528,-544,304,272,1664,4336,5328,2256,448,-304,-272,-1824,-4384,blender
-5536,-3088,-720,288,256,928,3424,5216,2784,656,-240,-224,-1008,-3504,blender
-5136,-3712,-1088,224,256,240,2768,5296,3584,1040,-288,-272,-560,-3296,blender
-5344,-4096,-1264,224,320,288,2704,5232,3152,816,-240,-240,-672,-3264,blender
-5232,-3360,-240,256,256,1776,4128,4576,1744,128,-224,-240,-2032,-4608,blender
-4848,-2016,-256,256,256,2064,4688,4544,1232,-208,-304,-272,-2720,-5424,blender
-5072,-2688,-608,288,256,1184,3776,5088,2496,528,-288,-256,-1744,-4208,blender
-5120,-3264,-944,272,240,688,3232,5200,3312,768,-304,-288,-736,-3408,blender
-5344,-3792,-1184,224,256,256,2656,5216,3792,1024,-272,-240,-240,-2912,blender
-5616,-3856,-1072,272,272,464,3040,5216,3504,576,-272,-256,-1376,-3776,blender
-5872,-1792,-144,288,272,2320,4816,4640,1584,32,-256,-256,-2400,-4944,blender
-5120,-2288,-432,304,272,1648,4000,5008,2128,352,-240,-240,-1568,-4144,blender
-5056,-2240,-752,304,272,672,3200,5232,2592,688,-224,-208,-2000,-4528,blender
-4816,-2016,-304,288,272,1872,4432,4816,1952,208,-256,-256,-1824,-4560,blender
-5456,-2976,-720,256,240,832,3504,5168,2656,608,-288,-272,-1280,-3808,blender
-5744,-3488,-928,288,272,816,3296,5376,3152,784,-304,-288,-768,-3312,blender
-4864,-1232,208,336,304,2496,4992,4704,1712,128,-224,-224,-2336,-4816,blender
-5344,-2336,-496,256,224,1616,4064,4592,1552,0,-288,-272,-2480,-5312,blender
-5376,-3648,-1024,320,288,624,3216,5568,3440,880,-272,-272,-304,-3088,blender
-5040,-4368,-1392,112,304,288,2720,5216,3856,1360,-240,-240,-208,-2416,blender
-4576,-1744,-176,208,224,1888,4512,4592,1648,0,-304,-272,-2016,-4480,blender
-5264,-2960,-720,288,256,1072,3616,5424,2944,576,-272,-288,-1392,-3872,blender
-5216,-2368,-432,320,304,1952,4496,5344,2304,448,-288,-256,-1408,-4064,blender
-5472,-3616,-864,320,304,464,3232,5344,3312,912,-256,-224,-480,-3312,blender
-5424,-3936,-1168,240,240,288,3008,5520,3600,896,-320,-304,-1264,-3888,blender
-5536,-3808,-1088,272,272,352,3056,5472,3728,1040,-304,-304,-336,-3088,blender
-5472,-4656,-1488,32,304,304,2336,5040,4416,1024,-272,-240,-560,-3216,blender
-5152,-1792,-176,272,272,2016,4512,4992,2144,416,-224,-224,-1680,-4208,blender
-5216,-4208,-1408,64,272,272,2288,5008,4224,1376,-144,-240,-240,-2768,blender
-5040,-2032,-288,320,304,1536,4000,5376,2656,544,-256,-272,-1728,-3920,blender
-5280,-3776,-1200,224,256,272,2816,5392,2928,736,-240,-272,-1104,-3712,blender
-5536,-3024,-752,304,272,1072,3648,5040,2704,672,-256,-240,-1088,-4304,blender
-5584,-2672,-608,304,272,1088,3680,4992,2560,592,-256,-208,-1600,-4240,blender
-5088,-2464,-560,304,272,1136,3648,4928,1824,160,-256,-208,-2400,-5056,blender
-5696,-3824,-1072,304,320,1232,3568,4848,2144,320,-224,-208,-2096,-4736,blender
-5568,-3664,-1040,288,272,272,2896,5088,3456,944,-240,-240,-1664,-4800,blender
-5216,-2432,-464,272,256,1328,3936,5024,2304,384,-272,-256,-2016,-4368,blender
-5264,-3744,-1232,208,272,272,3056,5648,3072,672,-304,-288,-976,-3632,blender
-5200,-3904,-1296,192,240,1600,4032,4704,2208,384,-272,-272,-1776,-5024,blender
-5376,-4288,-1200,160,288,288,2928,5696,3968,1152,-208,-288,-272,-2800,blender
-5536,-2592,-576,368,1264,3328,5072,5312,2432,496,-368,-1168,-3088,-5312,blender
-5072,-2416,-640,320,864,2880,4640,4752,2256,480,-336,-1104,-3024,-4640,blender
-5456,-3312,-928,304,304,2720,4720,5072,2336,432,-304,-1776,-3600,-4928,blender
-5488,-3088,-944,320,464,2400,4496,5232,2848,784,-352,-752,-2736,-4368,blender
-5168,-3664,-1104,-128,304,2208,4160,5120,2496,608,-352,-768,-2736,-4384,blender
-5056,-4144,-1680,-192,336,1680,3360,5200,3456,1104,-240,-320,-2304,-4112,blender
-5328,-2928,-816,352,640,2624,4496,5424,2848,768,-336,-704,-2848,-4336,blender
-5184,-2208,-416,352,1136,3120,4624,4672,2160,384,-336,-1280,-3184,-4800,blender
-5328,-3072,-800,336,752,2608,4288,4976,2688,768,-352,-880,-2720,-4640,blender
-5008,-3792,-1376,0,272,1824,3888,5440,3760,1184,-304,-352,-2272,-4048,blender
-5136,-2960,-736,368,768,2544,4352,4480,2112,416,-304,-1088,-2848,-4576,blender
-5120,-2080,-96,336,1712,3520,4800,4064,1392,16,-320,-1808,-3568,-5024,blender
-5328,-3424,-1152,160,304,2192,3984,5456,3376,960,-272,-368,-2384,-4128,blender
-5152,-3552,-1056,272,336,2336,4320,5456,3248,944,-336,-336,-2064,-3936,blender
